genus,name,date,habitat,ecol
Pluteus,Pluteus leoninus,2007-06-22,T3.1,Le
Pluteus,Pluteus atromarginatus,2007-06-30,T1.2,Le
Gymnopus,Gymnopus peronatus,2007-07-01,UW1.1,St
Gymnopus,Gymnopus peronatus,2007-07-01,UW1.1,St
Gymnopus,Gymnopus peronatus,2007-07-12,UW1.1,St
Gymnopus,Gymnopus dryophilus,2007-08-24,UW1.3,St
Marasmius,Marasmius sp.,2007-09-01,UW1.1,St
Calocybe,Calocybe sp.,2007-09-16,UW1.3,St
Mycena,Mycena inclinata,2007-09-18,UW1.3,Le
Gymnopus,Gymnopus confluens,2007-09-18,UW1.3,St
Marasmius,Marasmius scorodonius,2007-09-18,UW1.3,St
Pluteus,Pluteus cervinus,2007-09-18,UW1.3,Le
Laccaria,Laccaria laccata,2007-09-22,UW4.1,Mr
Conocybe,Conocybe sp.,2007-09-22,UW4.1,Hu
Psathyrella,Psathyrella sp.,2007-09-22,UW4.1,Hu
Mycena,Mycena rosea,2007-09-22,UW4.1,St
Stropharia,Stropharia aeruginosa,2007-09-22,UW4.1,Hu
Lepiota,Lepiota sp.,2007-09-22,UW4.1,Hu
Psathyrella,Psathyrella sp.,2007-09-22,UW4.1,Hu
Mycena,Mycena sp.,2007-09-22,UW4.1,Fd
Melanoleuca,Melanoleuca sp.,2007-09-22,UW1.1,Hu
Mycena,Mycena vitilis,2007-09-22,UW1.1,Lh
Pluteus,Pluteus sp.,2007-09-22,UW1.1,Lh
Mycena,Mycena sp.,2007-09-22,UW1.1,Le
Lepiota,Lepiota cristata,2007-09-22,UW1.1,Hu
Entoloma,Entoloma sp.,2007-09-22,UW1.1,Mr
Tubaria,Tubaria sp.,2007-09-22,UW1.1,Le
Macrolepiota,Macrolepiota konradii,2007-09-22,UW1.1,Hu
Mycena,Mycena galericulata,2007-09-22,UW1.1,Mr
Lepiota,Lepiota cristata,2007-09-22,UW1.1,Hu
Agaricus,Agaricus sp.,2007-09-22,UW1.1,Hu
Gymnopus,Gymnopus peronatus,2007-09-22,UW1.1,St
Pluteus,Pluteus sp.,2007-09-22,UW1.1,Le
Gymnopus,Gymnopus peronatus,2007-09-22,UW1.1,St
Clitocybe,Clitocybe odora,2007-09-22,UW1.1,St
Agaricus,Agaricus sp.,2007-09-22,UW1.1,Hu
Agaricus,Agaricus sp.,2007-09-22,UW1.1,Hu
Lepiota,Lepiota cristata,2007-09-22,UW1.1,Hu
Mycena,Mycena sp.,2007-09-22,UW1.1,Fd
Lepiota,Lepiota sp.,2007-09-22,UW1.1,Hu
Lepiota,Lepiota sp.,2007-09-22,UW1.1,Hu
Marasmius,Marasmius cochaerens,2007-09-22,UW1.1,St
Megacollybia,Megacollybia platyphylla,2007-09-22,UW1.1,Lh
Mycena,Mycena galericulata,2007-09-22,UW1.1,Lh
Coprinopsis,Coprinopsis picacea,2007-09-22,UW1.1,Hu
Clitocybe,Clitocybe sp.,2007-09-22,UW1.1,St
Mycena,Mycena polygramma,2007-09-22,UW1.1,Lh
Mycena,Mycena renati,2007-09-22,UW1.1,Le
Pholiota,Pholiota tuberculosa,2007-09-22,UW1.1,Le
Agaricus,Agaricus sp.,2007-09-22,UW1.1,Hu
Mycena,Mycena olivaceomarginata,2007-09-22,T1.2,Hu
Inocybe,Inocybe lacera var. lacera,2007-09-22,E3.1,Mr
Lepiota,Lepiota sp.,2007-09-22,UW1.1,Hu
Leucoagaricus,Leucoagaricus sp.,2007-09-22,A2.5,Hu
Leucoagaricus,Leucoagaricus sp.,2007-09-22,A2.5,Hu
Inocybe,Inocybe langei,2007-09-22,UW1.1,Mr
Leucoagaricus,Leucoagaricus crystallifer,2007-09-22,UW1.1,Hu
Psathyrella,Psathyrella sp.,2007-09-22,UW1.1,Hu
Tricholoma,Tricholoma portentosum,2007-10-01,T2.3,Mr
Myxomphalia,Myxomphalia maura,2007-10-01,T7.1,Hu
Lepiota,Lepiota sp.,2007-10-06,UW1.3,Hu
Mycena,Mycena pura,2007-10-06,UW1.3,St
Mycena,Mycena galericulata,2007-10-06,UW1.3,Le
Rhodocollybia,Rhodocollybia butyracea f. butyracea,2007-10-06,UW1.3,St
Clitocybe,Clitocybe sp.,2007-10-06,UW1.3,St
Mycena,Mycena sp.,2007-10-06,UW1.3,St
Mycena,Mycena galericulata,2007-10-06,UW1.3,Le
Gymnopus,Gymnopus peronatus,2007-10-06,UW1.3,St
Rhodocollybia,Rhodocollybia butyracea f. butyracea,2007-10-06,UW1.3,St
Clitocybe,Clitocybe nebularis,2007-10-06,UW1.3,St
Macrolepiota,Macrolepiota procera,2007-10-06,UW1.3,Hu
Lepista,Lepista flaccida,2007-10-06,UW1.3,St
Macrolepiota,Macrolepiota procera,2007-10-06,UW1.3,Hu
Leucoagaricus,Leucoagaricus sp.,2007-10-06,UW1.3,sward
Mycena,Mycena pura,2007-10-06,UW1.3,St
Pseudoclitocybe,Pseudoclitocybe cyathiformis,2007-10-06,UW1.3,St
Clitocybe,Clitocybe sp.,2007-10-06,UW1.3,St
Macrolepiota,Macrolepiota procera,2007-10-06,UW1.3,Hu
Macrolepiota,Macrolepiota procera,2007-10-06,UW1.3,Hu
Lepista,Lepista flaccida,2007-10-06,UW1.3,St
Psathyrella,Psathyrella sp.,2007-10-13,UW1.1,Hu
Clitocybe,Clitocybe nebularis,2007-10-13,UW1.1,St
Armillaria,Armillaria mellea,2007-10-13,UW1.1,Lh
Clitocybe,Clitocybe odora,2007-10-13,UW1.1,St
Hypholoma,Hypholoma sp.,2007-10-13,UW1.1,Le
Stropharia,Stropharia aeruginosa,2007-10-13,UW1.1,Hu
Psathyrella,Psathyrella sp.,2007-10-13,UW1.1,Hu
Lepiota,Lepiota sp.,2007-10-13,UW1.1,St
Mycena,Mycena sp.,2007-10-13,UW1.1,St
Pseudoclitocybe,Pseudoclitocybe cyathiformis,2007-10-13,UW1.1,Hu
Leucoagaricus,Leucoagaricus sp.,2007-10-13,UW1.1,St
Entoloma,Entoloma sp.,2007-10-13,UW1.1,Mr
Inocybe,Inocybe geophylla var. lilacina,2007-10-13,UW1.1,Mr
Laccaria,Laccaria laccata,2007-10-13,UW1.1,Mr
Psathyrella,Psathyrella sp.,2007-10-13,UW1.1,Hu
Laccaria,Laccaria laccata,2007-10-13,UW1.1,Mr
Russula,Russula sp.,2007-10-13,UW1.1,Mr
Stropharia,Stropharia aeruginosa,2007-10-13,UW1.1,Hu
Inocybe,Inocybe sp.,2007-10-13,UW1.1,Mr
Laccaria,Laccaria laccata,2007-10-14,UW1.1,Mr
Tricholoma,Tricholoma sulphureum,2007-10-14,UW1.1,Mr
Inocybe,Inocybe sp.,2007-10-14,UW1.1,Mr
Cortinarius,Cortinarius olivaceofuscus,2007-10-14,UW1.1,Mr
Lepiota,Lepiota sp.,2007-10-14,UW1.1,St
Tricholoma,Tricholoma scalpturatum,2007-10-14,UW1.1,Mr
Mycena,Mycena pura,2007-10-14,UW1.1,St
Inocybe,Inocybe geophylla var. lilacina,2007-10-14,UW1.1,Mr
Tricholoma,Tricholoma scalpturatum,2007-10-14,UW1.1,Mr
Clitocybe,Clitocybe dealbata,2007-10-14,UW1.1,St
Tricholoma,Tricholoma scalpturatum,2007-10-14,UW1.1,Mr
Megacollybia,Megacollybia platyphylla,2007-10-14,UW1.1,Lh
Inocybe,Inocybe muricellata,2007-10-14,UW1.1,Mr
Cortinarius,Cortinarius fulmineus,2007-10-15,UW1.1,Mr
Lepista,Lepista personata,2007-10-25,T2.3,St
Laccaria,Laccaria laccata,2007-11-01,T2.3,Mr
Pseudoclitocybe,Pseudoclitocybe cyathiformis,2007-11-01,T1.2,St
Psathyrella,Psathyrella sp.,2007-11-03,UW1.1,Hu
Psathyrella,Psathyrella sp.,2007-11-03,UW1.1,Hu
Hygrophorus,Hygrophorus sp.,2007-11-03,UW1.1,Mr
Agaricus,Agaricus sp.,2007-11-03,UW1.1,Hu
Pseudoclitocybe,Pseudoclitocybe cyathiformis,2007-11-03,UW1.1,Hu
Xerocomellus,Xerocomellus chrysenteron,2007-11-03,UW1.1,Mr
Amanita,Amanita rubescens,2007-11-03,UW1.1,Mr
Pluteus,Pluteus salicinus,2007-11-03,UW1.1,Le
Psathyrella,Psathyrella sp.,2007-11-03,UW1.1,Hu
Entoloma,Entoloma sp.,2007-11-03,UW1.1,Mr
Mycena,Mycena sp.,2007-11-03,UW1.1,St
Rhodocollybia,Rhodocollybia butyracea f. asema,2007-11-03,UW3.2,St
Hypholoma,Hypholoma fasciculare,2007-11-03,UW1.1,Lh
Psathyrella,Psathyrella sp.,2007-11-03,UW1.1,Hu
Stropharia,Stropharia aeruginosa,2007-11-03,UW1.1,Hu
Cortinarius,Cortinarius fulmineus,2007-11-03,UW1.1,Mr
Hygrophorus,Hygrophorus hyphotejus,2007-11-03,T2.3,Mr
Pluteus,Pluteus atromarginatus,2007-11-03,T2.3,Le
Mycena,Mycena polygramma,2007-11-04,UW1.1,Lh
Pseudoclitocybe,Pseudoclitocybe cyathiformis,2007-11-04,UW1.1,Hu
Pseudoclitocybe,Pseudoclitocybe cyathiformis,2007-11-04,UW1.1,Le
Coprinellus,Coprinellus micaceus,2007-11-04,UW1.1,Hu
Armillaria,Armillaria sp.,2007-11-04,UW1.1,Lh
Pholiota,Pholiota sp.,2007-11-04,UW1.1,Le
Panaeolus,Panaeolus sp.,2007-11-04,IF2.2,Hu
Hygrophorus,Hygrophorus hyphotejus,2007-11-07,T2.1,Mr
Pseudoclitocybe,Pseudoclitocybe cyathiformis,2007-11-17,UW1.1,Hu
Rhodocollybia,Rhodocollybia butyracea f. butyracea,2007-11-18,T1.2,St
Clitocybe,Clitocybe nebularis,2007-12-08,UW1.3,St
Lepista,Lepista flaccida,2007-12-08,UW1.3,St
Panellus,Panellus stipticus,2007-12-08,UW1.1,Le
Galerina,Galerina marginata,2007-12-09,T2.3,Lh
Clitocybe,Clitocybe sp.,2007-12-09,T2.3,St
Hygrophorus,Hygrophorus hyphotejus,2007-12-09,T2.3,Mr
Hygrophorus,Hygrophorus hyphotejus,2007-12-09,T2.3,Mr
Clitocybe,Clitocybe sp.,2007-12-09,T2.3,St
Hygrophorus,Hygrophorus hyphotejus,2007-12-09,T2.3,Mr
Clitocybe,Clitocybe sp.,2007-12-09,T2.3,St
Cystoderma,Cystoderma carcharias,2007-12-09,T2.3,St
Hygrophorus,Hygrophorus hyphotejus,2007-12-09,T1.2,Mr
Rhodocollybia,Rhodocollybia butyracea f. asema,2007-12-09,T2.1,St
Psathyrella,Psathyrella sp.,2008-04-11,UW1.3,Hu
Strobilurus,Strobilurus stephanocystis,2008-04-12,UW3.3,Str
Conocybe,Conocybe sp.,2008-04-12,UW4.2,Hu
Laccaria,Laccaria proxima,2008-05-16,T7.4,Mr
Lactarius,Lactarius sp.,2008-05-16,T7.4,Mr
Mycena,Mycena sp.,2008-05-16,T7.2,St
Conocybe,Conocybe sp.,2008-05-16,T7.2,Hu
Agrocybe,Agrocybe praecox,2008-05-16,T7.2,Hu
Cortinarius,Cortinarius croceoconus,2008-05-17,T2.3,Mr
Mycena,Mycena pura,2008-05-17,T2.3,St
Galerina,Galerina sp.,2008-05-17,T2.3,St
Mycena,Mycena galericulata,2008-05-17,FP2.2,Le
Calocybe,Calocybe gambosa,2008-05-17,FP2.2,Hu
Entoloma,Entoloma sp.,2008-05-17,FP1.3,Hu
Hypholoma,Hypholoma fasciculare,2008-05-17,T1.1,Le
Mycena,Mycena galericulata,2008-05-17,T1.1,Le
Tubaria,Tubaria sp.,2008-05-17,T1.1,Le
Lepista,Lepista flaccida,2008-05-17,T1.2,St
Hebeloma,Hebeloma sp.,2008-05-17,T1.2,Mr
Agrocybe,Agrocybe praecox,2008-05-17,T1.2,Hu
Coprinellus,Coprinellus domesticus,2008-05-17,T1.2,Hu
Pholiota,Pholiota highlandensis,2008-05-17,T1.2,Hu
Psathyrella,Psathyrella sp.,2008-05-17,T1.2,Hu
Strophariaceae,Strophariaceae,2008-05-17,T1.2,Hu
Agrocybe,Agrocybe praecox,2008-05-17,T1.2,Hu
Mycena,Mycena pura,2008-05-17,T1.2,St
Gymnopus,Gymnopus peronatus,2008-05-17,T1.2,St
Psathyrella,Psathyrella sp.,2008-05-17,T1.2,Hu
Coprinopsis,Coprinopsis atramentaria,2008-05-17,FP2.2,Hu
Mycena,Mycena renati,2008-05-17,FP2.2,Le
Psathyrella,Psathyrella sp.,2008-05-17,FP2.2,Hu
Mycena,Mycena vitilis,2008-05-17,FP2.2,Lh
Pluteus,Pluteus plautus,2008-05-17,FP2.2,Le
Crepidotus,Crepidotus mollis,2008-05-17,FP2.2,Le
Pluteus,Pluteus sp.,2008-05-17,FP2.2,Le
Callistosporium,Callistosporium sp.,2008-05-18,UW1.1,Hu
Bolbitius,Bolbitius titubans,2008-05-18,UW1.1,Hu
Psathyrella,Psathyrella sp.,2008-05-18,UW1.1,Hu
Mycena,Mycena acicula,2008-05-18,UW1.1,St
Bolbitius,Bolbitius titubans,2008-05-18,UW1.1,Hu
Hebeloma,Hebeloma sp.,2008-05-18,UW1.1,Mr
Coprinellus,Coprinellus micaceus,2008-05-18,UW1.1,Hu
Strophariaceae,Strophariaceae sp.,2008-05-18,UW1.1,Lh
Entoloma,Entoloma sp.,2008-05-18,T2.3,Mr
Galerina,Galerina sp.,2008-05-18,T2.3,St
Mycena,Mycena sp.,2008-05-18,T2.3,St
Cortinarius,Cortinarius olivaceofuscus,2008-05-18,T2.3,Mr
Cortinarius,Cortinarius sp.,2008-05-18,T2.3,Mr
Lactarius,Lactarius sp.,2008-05-18,T2.3,Mr
Marasmius,Marasmius oreades,2008-05-18,T7.2,Hu
Pluteus,Pluteus sp.,2008-07-12,UW2.1,Le
Pluteus,Pluteus sp.,2008-07-16,UW1.1,Le
Pluteus,Pluteus sp.,2008-09-01,UW1.3,Le
Inocybe,Inocybe geophylla var. lilacina,2008-10-14,UW1.1,Mr
Cortinarius,Cortinarius decipiens,2008-10-14,UW1.1,Mr
Cortinarius,Cortinarius sp.,2008-10-14,UW1.1,Mr
Macrolepiota,Macrolepiota excoriata,2008-10-14,IF2.2,Hu
Agaricus,Agaricus sp.,2008-10-14,IF2.2,Hu
Lepista,Lepista flaccida,2008-10-14,UW1.1,St
Lepista,Lepista personata,2008-10-14,IF2.2,Hu
Armillaria,Armillaria mellea,2008-10-14,UW1.1,Le
Lacrymaria,Lacrymaria lacrymabunda,2008-10-14,UW1.1,Hu
Hebeloma,Hebeloma sp.,2008-10-14,UW1.1,Mr
Pholiota,Pholiota alnicola,2008-10-14,UW1.1,Le
Marasmius,Marasmius sp.,2008-10-14,UW1.3,St
Hygrophorus,Hygrophorus eburneus,2008-10-28,UW1.1,Mr
Hymenopellis,Hymenopellis radicata,2008-10-28,UW1.1,Lh
Pluteus,Pluteus cervinus,2008-10-29,T1.1,Lh
Lepista,Lepista nuda,2008-10-29,T1.1,Hu
Rhodocollybia,Rhodocollybia butyracea f. asema,2008-10-29,T1.1,St
Strophariaceae,Strophariaceae,2008-10-29,T1.1,St
Lepista,Lepista flaccida,2008-10-29,T1.1,St
Inocybe,Inocybe rennyi,2008-10-30,UW3.3,Mr
Cortinarius,Cortinarius triumphans,2008-10-30,UW3.3,Mr
Flammulina,Flammulina velutipes,2009-02-16,FP2.3,Le
Tubaria,Tubaria sp.,2009-04-04,UW3.1,Hu
Strobilurus,Strobilurus esculentus,2009-04-06,UW3.2,Str
Strobilurus,Strobilurus stephanocystis,2009-05-07,T1.2,Str
Strobilurus,Strobilurus stephanocystis,2009-05-07,T1.2,Str
Strobilurus,Strobilurus stephanocystis,2009-05-09,T1.1,Str
Strobilurus,Strobilurus stephanocystis,2009-05-09,T1.1,Str
Psathyrella,Psathyrella sp.,2009-05-10,UW3.1,Hu
Lepista,Lepista personata,2009-05-10,FP2.2,Hu
Psathyrella,Psathyrella spadiceogrisea,2009-05-16,UW1.1,Hu
Calocybe,Calocybe gambosa,2009-05-16,UW1.1,Hu
Coprinellus,Coprinellus micaceus,2009-05-16,UW3.1,Hu
Bolbitius,Bolbitius titubans,2009-05-16,UW3.1,Hu
Coprinellus,Coprinellus domesticus,2009-05-16,UW3.1,Hu
Conocybe,Conocybe sp.,2009-05-16,UW1.1,Hu
Psathyrella,Psathyrella spadiceogrisea,2009-05-16,UW3.1,Hu
Psathyrella,Psathyrella spadiceogrisea,2009-05-16,UW1.1,Hu
Lentinus,Lentinus tigrinus,2009-05-16,UW1.1,Le
Mycena,Mycena galericulata,2009-05-16,T3.1,Le
Mycena,Mycena galericulata,2009-05-16,T3.1,Le
Mycena,Mycena vitilis,2009-05-16,UW1.1,Lh
Mycena,Mycena vitilis,2009-05-16,UW1.1,Lh
Mycena,Mycena vitilis,2009-05-16,UW1.1,Lh
Mycena,Mycena vitilis,2009-05-16,UW1.1,Lh
Hypholoma,Hypholoma fasciculare,2009-05-16,T3.1,Lh
Mycena,Mycena vitilis,2009-05-16,T3.1,Lh
Psathyrella,Psathyrella spadiceogrisea,2009-05-16,T3.1,St
Psathyrella,Psathyrella spadiceogrisea,2009-05-16,T3.1,St
Strobilurus,Strobilurus stephanocystis,2009-05-16,T1.2,Str
Strobilurus,Strobilurus stephanocystis,2009-05-16,T1.2,Str
Strobilurus,Strobilurus stephanocystis,2009-05-16,T1.2,Str
Strobilurus,Strobilurus stephanocystis,2009-05-16,T7.2,Str
Strobilurus,Strobilurus stephanocystis,2009-05-16,T1.2,Str
Coprinellus,Coprinellus domesticus,2009-05-17,UW1.3,Hu
Agrocybe,Agrocybe praecox,2009-05-17,UW3.4,Hu
Bolbitius,Bolbitius titubans,2009-05-17,UW3.1,Hu
Mycena,Mycena vitilis,2009-05-17,UW1.3,Lh
Mycena,Mycena vitilis,2009-05-17,UW1.3,Lh
Mycena,Mycena vitilis,2009-05-17,UW1.3,Lh
Mycena,Mycena vitilis,2009-05-17,UW1.3,Lh
Mycena,Mycena vitilis,2009-05-17,UW1.3,Lh
Mycena,Mycena vitilis,2009-05-17,UW1.3,Lh
Mycena,Mycena vitilis,2009-05-17,UW1.3,Lh
Mycena,Mycena vitilis,2009-05-17,UW1.3,Lh
Mycena,Mycena vitilis,2009-05-17,UW1.3,Lh
Tubaria,Tubaria furfuracea,2009-05-17,UW3.1,St
Tubaria,Tubaria furfuracea,2009-05-17,UW3.1,St
Coprinellus,Coprinellus domesticus,2009-05-29,FP2.2,Hu
Calocybe,Calocybe gambosa,2009-05-29,FP2.2,Hu
Psathyrella,Psathyrella candolleana,2009-05-29,FP2.2,Hu
Gymnopus,Gymnopus dryophilus,2009-05-29,UW1.1,St
Agrocybe,Agrocybe praecox,2009-05-30,UW1.1,Hu
Coprinellus,Coprinellus disseminatus,2009-05-30,UW1.1,Hu
Agrocybe,Agrocybe praecox,2009-05-30,UW1.3,Hu
Agrocybe,Agrocybe praecox,2009-05-30,UW3.1,Hu
Agrocybe,Agrocybe praecox,2009-05-30,UW1.1,Hu
Gymnopus,Gymnopus dryophilus,2009-05-30,UW1.1,Hu
Mycena,Mycena renati,2009-05-30,UW1.1,Le
Mycena,Mycena galericulata,2009-05-30,UW1.1,Le
Hypholoma,Hypholoma fasciculare,2009-05-30,UW1.1,Le
Hydropus,Hydropus floccipes,2009-05-30,UW1.1,Le
Hypholoma,Hypholoma fasciculare,2009-05-30,UW1.1,Le
Hypholoma,Hypholoma fasciculare,2009-05-30,UW1.1,Le
Hypholoma,Hypholoma fasciculare,2009-05-30,UW1.1,Le
Mycena,Mycena galericulata,2009-05-30,UW1.1,Le
Mycena,Mycena galericulata,2009-05-30,UW1.1,Le
Mycena,Mycena sp.,2009-05-30,UW1.1,Le
Mycena,Mycena renati,2009-05-30,UW1.1,Le
Mycena,Mycena renati,2009-05-30,UW1.1,Le
Mycena,Mycena galericulata,2009-05-30,UW1.1,Le
Mycena,Mycena galericulata,2009-05-30,UW1.1,Le
Hydropus,Hydropus floccipes,2009-05-30,UW1.1,Le
Phloeomana,Phloeomana speirea,2009-05-30,UW1.1,Le
Mycena,Mycena hiemalis,2009-05-30,UW1.1,Le
Mycena,Mycena renati,2009-05-30,UW1.1,Le
Mycena,Mycena renati,2009-05-30,UW1.1,Le
Mycena,Mycena galericulata,2009-05-30,UW1.1,Le
Mycena,Mycena galericulata,2009-05-30,UW1.1,Lh
Mycena,Mycena galericulata,2009-05-30,UW1.1,Lh
Mycena,Mycena vitilis,2009-05-30,UW1.1,Lh
Pluteus,Pluteus cervinus,2009-05-30,UW1.1,Lh
Pluteus,Pluteus cervinus,2009-05-30,UW1.1,Lh
Mycena,Mycena acicula,2009-05-30,UW1.1,St
Conocybe,Conocybe sp.,2009-05-30,UW3.1,St
Hypholoma,Hypholoma fasciculare,2009-05-31,UW3.1,Lh
Psathyrella,Psathyrella spadiceogrisea,2009-05-31,UW3.1,Hu
Psathyrella,Psathyrella candolleana,2009-05-31,UW3.1,Lh
Psathyrella,Psathyrella candolleana,2009-05-31,UW3.1,Le
Mycena,Mycena galericulata,2009-05-31,UW3.1,Le
Mycena,Mycena renati,2009-05-31,UW3.1,Le
Mycena,Mycena renati,2009-05-31,UW3.1,Le
Mycena,Mycena renati,2009-05-31,UW3.1,Le
Coprinellus,Coprinellus micaceus,2009-05-31,UW3.1,Le
Mycena,Mycena galericulata,2009-05-31,UW3.1,Le
Mycena,Mycena renati,2009-05-31,UW3.1,Le
Mycena,Mycena renati,2009-05-31,UW3.1,Le
Mycena,Mycena renati,2009-05-31,UW3.1,Le
Mycena,Mycena renati,2009-05-31,UW3.1,Le
Mycena,Mycena renati,2009-05-31,UW3.1,Le
Mycena,Mycena renati,2009-05-31,UW3.1,Le
Crepidotus,Crepidotus mollis,2009-05-31,UW3.1,Le
Hydropus,Hydropus floccipes,2009-05-31,UW3.1,Lh
Megacollybia,Megacollybia platyphylla,2009-05-31,UW3.1,Lh
Pleurotus,Pleurotus pulmonarius,2009-06-06,T4.2,Le
Marasmius,Marasmius oreades,2009-06-06,T3.2,Hu
Mycena,Mycena viridimarginata,2009-06-06,T4.2,Le
Gymnopus,Gymnopus dryophilus,2009-06-06,T4.1,M
Gymnopus,Gymnopus dryophilus,2009-06-06,T4.1,M
Laccaria,Laccaria laccata,2009-06-06,T4.3,Mr
Gymnopus,Gymnopus dryophilus,2009-06-06,T4.3,M
Lactarius,Lactarius tabidus,2009-06-06,T4.3,Mr
Gymnopus,Gymnopus dryophilus,2009-06-06,T4.3,M
Pleurotus,Pleurotus pulmonarius,2009-06-06,T4.3,Le
Pleurotus,Pleurotus sp.,2009-06-06,T4.3,Le
Megacollybia,Megacollybia platyphylla,2009-06-06,T8,Lh
Gymnopus,Gymnopus dryophilus,2009-06-06,T3.4,M
Mycena,Mycena megaspora,2009-06-06,T3.4,M
Galerina,Galerina paludosa,2009-06-06,T3.4,M
Mycena,Mycena sp.,2009-06-06,T5,Le
Clitocybe,Clitocybe sp.,2009-06-06,T3.4,St
Pleurotus,Pleurotus sp.,2009-06-06,T3.4,Le
Pleurotus,Pleurotus sp.,2009-06-06,T3.4,Le
Galerina,Galerina paludosa,2009-06-06,T3.4,M
Galerina,Galerina paludosa,2009-06-06,T3.4,M
Gymnopus,Gymnopus dryophilus,2009-06-06,T3.4,M
Mycena,Mycena galericulata,2009-06-06,T5,Le
Xeromphalina,Xeromphalina sp.,2009-06-06,T5,M
Galerina,Galerina paludosa,2009-06-06,T5,M
Gymnopus,Gymnopus dryophilus,2009-06-06,T5,M
Xeromphalina,Xeromphalina sp.,2009-06-06,T5,M
Gymnopus,Gymnopus dryophilus,2009-06-06,T5,M
Pluteus,Pluteus cervinus,2009-06-06,T3.2,Le
Megacollybia,Megacollybia platyphylla,2009-06-06,T3.2,Lh
Galerina,Galerina paludosa,2009-06-06,T4.1,M
Mycena,Mycena galericulata,2009-06-08,UW1.3,Lh
Megacollybia,Megacollybia platyphylla,2009-06-08,UW1.3,Lh
Lacrymaria,Lacrymaria lacrymabunda,2009-06-08,UW3.1,Hu
Amanita,Amanita sp.,2009-06-09,IF1.1,Mr
Hemileccinum,Hemileccinum impolitum,2009-06-09,IF1.1,Mr
Amanita,Amanita sp.,2009-06-09,IF1.1,Mr
Psathyrella,Psathyrella sp.,2009-06-13,FP2.6,Lh
Psathyrella,Psathyrella candolleana,2009-06-26,T3.2,Hu
Pluteus,Pluteus petasatus,2009-06-26,UW1.1,Le
Agaricus,Agaricus sp.,2009-06-26,UW3.1,Hu
Agaricus,Agaricus sp.,2009-06-27,UW1.1,Hu
Pleurotus,Pleurotus calyptratus,2009-06-28,UW1.1,Le
Hemileccinum,Hemileccinum impolitum,2009-06-28,UW1.1,Mr
Pluteus,Pluteus sp.,2009-06-28,UW1.1,Le
Mycena,Mycena sp.,2009-07-10,FP2.3,Co
Psathyrella,Psathyrella sp.,2009-07-10,FP2.3,Hu
Coprinellus,Coprinellus domesticus,2009-07-10,FP2.3,Hu
Psathyrella,Psathyrella sp.,2009-07-10,FP2.2,Le
Pluteus,Pluteus sp.,2009-07-15,FP2.2,Le
Mycena,Mycena sp.,2009-07-15,FP2.2,He
Pluteus,Pluteus sp.,2009-07-15,FP2.2,He
Pluteus,Pluteus sp.,2009-07-27,T1.2,Le
Pluteus,Pluteus sp.,2009-07-31,T1.2,Le
Mycena,Mycena stylobates,2009-07-31,T1.2,Fd
Neolentinus,Neolentinus lepideus,2009-07-31,T1.2,Le
Delicatula,Delicatula integrella,2009-07-31,T1.2,Lh
Marasmius,Marasmius scorodonius,2009-07-31,T1.2,St
Marasmius,Marasmius oreades,2009-07-31,T7.2,Hu
Coprinellus,Coprinellus domesticus,2009-07-31,T1.2,Hu
Coprinellus,Coprinellus domesticus,2009-07-31,T1.1,Hu
Marasmius,Marasmius wynneae,2009-07-31,T1.1,St
Neolentinus,Neolentinus lepideus,2009-07-31,T2.4,Le
Marasmius,Marasmius oreades,2009-07-31,T7.2,Hu
Marasmius,Marasmius oreades,2009-08-01,UW4.1,Hu
Marasmius,Marasmius rotula,2009-08-01,UW1.1,Le
Crepidotus,Crepidotus mollis,2009-08-01,UW1.1,Le
Xerocomus,Xerocomus sp.,2009-08-01,UW1.1,Mr
Marasmius,Marasmius rotula,2009-08-01,UW1.5,Co
Gymnopus,Gymnopus foetidus,2009-08-01,UW1.5,Le
Coprinopsis,Coprinopsis nivea,2009-08-01,UW1.5,Lh
Lepiota,Lepiota cristata,2009-08-01,UW1.5,Hu
Mycena,Mycena galericulata,2009-08-01,UW1.5,Lh
Crepidotus,Crepidotus mollis,2009-08-01,UW1.1,Le
Gymnopus,Gymnopus dryophilus,2009-08-01,UW1.1,St
Marasmius,Marasmius rotula,2009-08-01,UW1.1,Co
Tubaria,Tubaria sp.,2009-08-01,UW1.1,Le
Gymnopus,Gymnopus dryophilus,2009-08-01,UW1.1,St
Psathyrella,Psathyrella sp.,2009-08-01,UW2.1,Hu
Psathyrella,Psathyrella sp.,2009-08-01,UW2.1,Lh
Pluteus,Pluteus petasatus,2009-08-01,UW2.1,Lh
Conocybe,Conocybe sp.,2009-08-01,UW3.1,Hu
Agrocybe,Agrocybe praecox,2009-08-01,UW3.1,Hu
Conocybe,Conocybe sp.,2009-08-01,UW3.1,Hu
Psathyrella,Psathyrella candolleana,2009-08-01,UW1.1,Hu
Gymnopus,Gymnopus dryophilus,2009-08-01,UW1.1,St
Gymnopus,Gymnopus peronatus,2009-08-01,UW1.1,St
Gymnopus,Gymnopus dryophilus,2009-08-02,UW1.1,St
Russula,Russula sp.,2009-08-02,UW1.1,Mr
Conocybe,Conocybe sp.,2009-08-02,UW1.1,Lh
Bolbitius,Bolbitius titubans,2009-08-02,UW1.1,Hu
Psathyrella,Psathyrella sp.,2009-08-02,UW1.1,Hu
Conocybe,Conocybe sp.,2009-08-02,UW1.1,Hu
Hydropus,Hydropus floccipes,2009-08-02,UW1.1,Le
Delicatula,Delicatula integrella,2009-08-02,UW1.1,Le
Hydropus,Hydropus floccipes,2009-08-02,UW1.1,Hu
Mycena,Mycena galericulata,2009-08-02,UW1.1,Le
Hydropus,Hydropus floccipes,2009-08-17,UW1.1,Le
Mycena,Mycena sp.,2009-08-17,UW1.1,Le
Kuehneromyces,Kuehneromyces mutabilis,2009-08-17,UW1.1,Le
Mycena,Mycena galericulata,2009-08-17,UW1.1,Le
Pluteus,Pluteus salicinus,2009-08-17,UW1.1,Le
Pluteus,Pluteus sp.,2009-08-17,UW1.1,Le
Hypholoma,Hypholoma sp.,2009-08-31,T4.5,Lh
Hypholoma,Hypholoma sp.,2009-08-31,T4.5,He
Macrolepiota,Macrolepiota procera,2009-08-31,T8,Mr
Leccinum,Leccinum aurantiacum,2009-08-31,T8,Mr
Pluteus,Pluteus cervinus,2009-08-31,T8,Lh
Hypholoma,Hypholoma sp.,2009-08-31,T4.5,St
Xerocomus,Xerocomus sp.,2009-08-31,T8,Mr
Tricholomopsis,Tricholomopsis rutilans,2009-08-31,T2.3,Mr
Laccaria,Laccaria proxima,2009-08-31,T2.4,Mr
Lactarius,Lactarius sp.,2009-08-31,T4.1,Mr
Laccaria,Laccaria laccata,2009-08-31,T4.1,Mr
Laccaria,Laccaria proxima,2009-08-31,T4.1,Mr
Leccinum,Leccinum scabrum,2009-08-31,T4.1,Mr
Amanita,Amanita muscaria,2009-08-31,T2.3,Mr
Hypholoma,Hypholoma sp.,2009-08-31,T4.5,St
Mycena,Mycena vitilis,2009-09-07,T1.1,Lh
Mycena,Mycena citrinomarginata,2009-09-07,T1.1,St
Rhodocybe,Rhodocybe sp.,2009-09-07,T1.1,St
Marasmius,Marasmius sp.,2009-09-07,T1.2,St
Mycena,Mycena purpureofusca,2009-09-07,T1.2,St
Gymnopus,Gymnopus peronatus,2009-09-07,T1.2,St
Mycena,Mycena purpureofusca,2009-09-07,T1.2,St
Clitocybe,Clitocybe gibba,2009-09-07,T1.2,St
Mycena,Mycena purpureofusca,2009-09-07,T1.2,St
Echinoderma,Echinoderma asperum,2009-09-07,T1.2,Hu
Mycena,Mycena citrinomarginata,2009-09-07,T1.2,St
Gymnopus,Gymnopus dryophilus,2009-09-07,UW1.1,St
Marasmius,Marasmius sp.,2009-09-07,UW1.1,St
Gymnopus,Gymnopus dryophilus,2009-09-07,UW1.1,St
Strophariaceae,Strophariaceae,2009-09-07,UW3.1,Hu
Psathyrella,Psathyrella sp.,2009-09-07,UW3.1,Hu
Gymnopus,Gymnopus dryophilus,2009-09-07,UW3.1,Hu
Mycena,Mycena vitilis,2009-09-07,UW1.1,Lh
Agaricus,Agaricus sylvicola,2009-09-10,UW1.1,Hu
Pholiotina,Pholiotina sp.,2009-09-11,UW3.1,Hu
Armillaria,Armillaria sp.,2009-09-11,UW4.3,Lh
Pleurotus,Pleurotus pulmonarius,2009-09-11,UW1.1,Le
Pholiotina,Pholiotina sp.,2009-09-11,UW3.1,Hu
Mycena,Mycena inclinata,2009-09-11,UW1.1,Le
Leucoagaricus,Leucoagaricus leucothites,2009-09-11,UW3.2,Hu
Macrolepiota,Macrolepiota procera,2009-09-11,UW1.3,Hu
Pholiotina,Pholiotina sp.,2009-09-11,UW1.3,Hu
Melanoleuca,Melanoleuca sp.,2009-09-11,UW1.3,Hu
Mycena,Mycena galericulata,2009-09-12,FP2.6,Le
Psathyrella,Psathyrella sp.,2009-09-12,FP2.6,St
Clitocybe,Clitocybe sp.,2009-09-12,FP2.6,St
Leucoagaricus,Leucoagaricus leucothites,2009-09-12,FP2.6,Hu
Leucoagaricus,Leucoagaricus sericifer,2009-09-12,FP2.6,St
Lepiota,Lepiota clypeolaria,2009-09-12,FP2.6,St
Lepiota,Lepiota subincarnata,2009-09-12,FP2.6,St
Clitocybe,Clitocybe gibba,2009-09-12,FP2.6,St
Lepista,Lepista nuda,2009-09-12,FP2.6,St
Leucoagaricus,Leucoagaricus crystallifer,2009-09-12,FP2.6,Hu
Marasmius,Marasmius sp.,2009-09-12,FP2.6,Co
Leucoagaricus,Leucoagaricus crystallifer,2009-09-12,FP2.6,St
Pholiotina,Pholiotina sp.,2009-09-12,FP2.6,Le
Mycena,Mycena abramsii,2009-09-12,FP2.6,Le
Leucoagaricus,Leucoagaricus crystallifer,2009-09-12,FP2.2,Hu
Leucoagaricus,Leucoagaricus crystallifer,2009-09-12,FP2.2,Hu
Lepiota,Lepiota clypeolaria,2009-09-12,FP2.2,St
Agaricus,Agaricus sylvaticus,2009-09-12,FP2.2,Hu
Leucoagaricus,Leucoagaricus leucothites,2009-09-12,FP1.2,Hu
Psathyrella,Psathyrella candolleana,2009-09-12,UW3.4,Le
Armillaria,Armillaria sp.,2009-09-12,UW3.4,Le
Leucoagaricus,Leucoagaricus crystallifer,2009-09-12,FP2.3,St
Leucoagaricus,Leucoagaricus crystallifer,2009-09-12,FP2.3,St
Pluteus,Pluteus salicinus,2009-09-12,FP2.2,Le
Macrolepiota,Macrolepiota procera,2009-09-13,UW3.1,Hu
Agaricus,Agaricus xanthodermus,2009-09-13,UW1.3,Hu
Mycena,Mycena galericulata,2009-09-13,UW1.3,Le
Macrolepiota,Macrolepiota procera,2009-09-13,UW1.3,Hu
Mycena,Mycena galericulata,2009-09-13,UW1.3,Le
Macrolepiota,Macrolepiota procera,2009-09-13,UW1.3,Hu
Macrolepiota,Macrolepiota procera,2009-09-13,FP2.2,Hu
Lepista,Lepista sordida,2009-09-13,FP2.3,Hu
Lepista,Lepista sordida,2009-09-13,FP2.6,Hu
Psathyrella,Psathyrella sp.,2009-09-13,FP2.6,Hu
Hypholoma,Hypholoma sp.,2009-09-13,FP3.1,Lh
Coprinopsis,Coprinopsis picacea,2009-09-13,FP3.1,Hu
Clitocybe,Clitocybe sp.,2009-09-13,FP1.4,sward
Agaricus,Agaricus campestris var. squamulosus,2009-09-13,FP1.4,Hu
Agaricus,Agaricus sp.,2009-09-13,FP1.4,Hu
Macrolepiota,Macrolepiota procera,2009-09-13,UW3.3,Hu
Leucoagaricus,Leucoagaricus leucothites,2009-09-13,A1.2,Hu
Mycena,Mycena inclinata,2009-09-13,UW1.3,Le
Leucoagaricus,Leucoagaricus crystallifer,2009-09-13,FP2.2,Hu
Armillaria,Armillaria mellea,2009-09-13,FP2.2,Lh
Leucoagaricus,Leucoagaricus sericifer,2009-09-13,FP2.2,Hu
Macrolepiota,Macrolepiota excoriata,2009-09-13,FP2.2,Hu
Leucoagaricus,Leucoagaricus leucothites,2009-09-13,UW3.3,Hu
Agaricus,Agaricus sylvicola,2009-09-14,T7.2,Hu
Macrolepiota,Macrolepiota procera,2009-09-14,T3.1,Hu
Macrolepiota,Macrolepiota procera,2009-09-14,T7.2,Hu
Agaricus,Agaricus xanthodermus,2009-09-17,UW1.1,Hu
Agaricus,Agaricus sylvicola,2009-09-17,UW1.1,Hu
Agaricus,Agaricus sylvicola,2009-09-17,UW1.1,Hu
Xerocomellus,Xerocomellus chrysenteron,2009-09-17,UW1.1,Mr
Mycena,Mycena galericulata,2009-09-17,UW1.1,Le
Leccinum,Leccinum sp.,2009-09-17,UW1.1,Mr
Leucoagaricus,Leucoagaricus leucothites,2009-09-18,A2.6,Hu
Macrolepiota,Macrolepiota excoriata,2009-09-21,FP1.4,Hu
Coprinus,Coprinus comatus,2009-09-21,A2.6,Hu
Amanita,Amanita pantherina,2009-09-25,T7.2,Mr
Echinoderma,Echinoderma asperum,2009-09-28,T1.2,Hu
Macrolepiota,Macrolepiota procera,2009-09-28,T1.2,Hu
Tricholoma,Tricholoma sp.,2009-09-28,T1.2,Hu
Macrolepiota,Macrolepiota procera,2009-09-28,FP3.2,Hu
Hemimycena,Hemimycena candida,2009-09-28,FP1.3,He
Amanita,Amanita vaginata,2009-10-05,T1.2,Mr
Rhodocollybia,Rhodocollybia maculata,2009-10-11,T1.2,St
Mycena,Mycena rosea,2009-10-11,T1.1,St
Mycena,Mycena vitilis,2009-10-11,T1.1,Lh
Coprinus,Coprinus comatus,2009-10-11,T1.1,Hu
Hypholoma,Hypholoma sp.,2009-10-11,T1.1,Lh
Clitocybe,Clitocybe gibba,2009-10-11,FP2.6,St
Lepista,Lepista personata,2009-10-11,FP2.6,Hu
Mycena,Mycena galericulata,2009-10-11,FP2.2,Le
Mycena,Mycena vitilis,2009-10-11,FP2.2,St
Mycena,Mycena galericulata,2009-10-11,FP2.2,Le
Psathyrella,Psathyrella candolleana,2009-10-11,FP2.2,Hu
Clitocybe,Clitocybe sp.,2009-10-11,FP2.3,Le
Agaricus,Agaricus sp.,2009-10-11,FP1.6,Hu
Agrocybe,Agrocybe sp.,2009-10-11,FP1.6,Hu
Marasmius,Marasmius oreades,2009-10-11,FP1.6,Hu
Marasmius,Marasmius oreades,2009-10-11,FP1.4,Hu
Gymnopus,Gymnopus dryophilus,2009-10-12,T1.2,St
Phloeomana,Phloeomana speirea,2009-10-12,T1.2,Le
Mycena,Mycena citrinomarginata,2009-10-12,T1.2,St
Gymnopus,Gymnopus dryophilus,2009-10-12,T1.2,St
Phloeomana,Phloeomana speirea,2009-10-12,T1.2,St
Mycena,Mycena citrinomarginata,2009-10-12,T1.2,St
Mycena,Mycena purpureofusca,2009-10-12,T1.2,Co
Armillaria,Armillaria mellea,2009-10-12,T1.2,Lh
Psilocybe,Psilocybe montana,2009-10-12,T1.1,St
Galerina,Galerina vittiformis,2009-10-12,T1.1,M
Mycena,Mycena purpureofusca,2009-10-12,T1.1,Lh
Mycena,Mycena purpureofusca,2009-10-12,T1.1,Lh
Clitocybe,Clitocybe gibba,2009-10-12,T2.1,St
Psilocybe,Psilocybe montana,2009-10-12,T7.1,St
Pholiota,Pholiota highlandensis,2009-10-12,T7.1,Hu
Gymnopilus,Gymnopilus penetrans,2009-10-12,T7.1,Hu
Baeospora,Baeospora myosura,2009-10-12,T7.1,Str
Mycena,Mycena purpureofusca,2009-10-12,T2.3,Co
Mycena,Mycena sp.,2009-10-12,T2.4,St
Psilocybe,Psilocybe montana,2009-10-12,T7.4,Hu
Clitocybe,Clitocybe sp.,2009-10-12,T7.4,St
Clitocybe,Clitocybe sp.,2009-10-12,T7.4,St
Mycena,Mycena metata,2009-10-13,T1.2,St
Galerina,Galerina vittiformis,2009-10-13,T1.2,M
Lyophyllum,Lyophyllum sp.,2009-10-13,T8,Hu
Mycena,Mycena rosea,2009-10-13,T8,St
Pleurotus,Pleurotus ostreatus,2009-10-13,T8,Le
Marasmius,Marasmius oreades,2009-10-13,T6,Hu
Marasmius,Marasmius scorodonius,2009-10-13,T6,St
Clitocybe,Clitocybe odora,2009-10-13,T9,St
Mycena,Mycena olivaceomarginata,2009-10-13,T6,Hu
Mycena,Mycena aetites,2009-10-13,T6,Hu
Mycena,Mycena olivaceomarginata,2009-10-13,T6,St
Psathyrella,Psathyrella piluliformis,2009-10-13,T6,Hu
Hebeloma,Hebeloma sp.,2009-10-13,T7.4,Mr
Clitocybe,Clitocybe sp.,2009-10-13,T7.4,Hu
Psilocybe,Psilocybe montana,2009-10-13,T7.4,Hu
Hebeloma,Hebeloma sp.,2009-10-13,T7.4,Mr
Tubaria,Tubaria sp.,2009-10-13,T6,St
Cortinarius,Cortinarius sp.,2009-10-13,T6,Mr
Amanita,Amanita phalloides,2009-10-13,T6,Mr
Amanita,Amanita phalloides,2009-10-13,T9,Mr
Crinipellis,Crinipellis scabella,2009-10-13,T1.2,He
Baeospora,Baeospora myosura,2009-10-13,T1.2,Str
Mycena,Mycena rosea,2009-10-13,T1.2,St
Clitocybe,Clitocybe gibba,2009-10-13,T1.2,St
Mycena,Mycena pura,2009-10-13,T1.1,St
Baeospora,Baeospora myosura,2009-10-13,T1.2,Str
Marasmius,Marasmius scorodonius,2009-10-13,T1.2,St
Psilocybe,Psilocybe montana,2009-10-13,T2.1,M
Mycena,Mycena pura,2009-10-19,T1.2,St
Rhodocollybia,Rhodocollybia butyracea f. butyracea,2009-10-19,T1.2,St
Mycena,Mycena sp.,2009-10-19,T1.2,St
Gymnopus,Gymnopus androsaceus,2009-10-19,T1.2,St
Gymnopilus,Gymnopilus penetrans,2009-10-19,T1.2,Lh
Psilocybe,Psilocybe montana,2009-10-19,T2.1,M
Mycena,Mycena rubromarginata,2009-10-19,T2.1,St
Mycena,Mycena citrinomarginata,2009-10-19,T2.1,St
Baeospora,Baeospora myosura,2009-10-19,T2.1,Str
Hypholoma,Hypholoma sp.,2009-10-19,T7.2,Hu
Conocybe,Conocybe sp.,2009-10-19,T7.2,Hu
Mycena,Mycena vitilis,2009-10-19,T1.2,St
Marasmius,Marasmius scorodonius,2009-10-19,T1.2,St
Stropharia,Stropharia aeruginosa,2009-10-19,T1.2,St
Baeospora,Baeospora myosura,2009-10-19,T1.2,Str
Mycena,Mycena vitilis,2009-10-19,T1.2,St
Gymnopilus,Gymnopilus penetrans,2009-10-19,T1.2,Lh
Mycena,Mycena purpureofusca,2009-10-19,T1.2,Co
Clitocybe,Clitocybe gibba,2009-10-19,T1.2,St
Mycena,Mycena pura,2009-10-19,T2.1,St
Galerina,Galerina vittiformis,2009-10-19,T2.1,M
Marasmius,Marasmius scorodonius,2009-10-19,T7.4,St
Mycena,Mycena pura,2009-10-19,T1.2,St
Gymnopus,Gymnopus sp.,2009-10-19,T1.2,St
Mycena,Mycena pura,2009-10-19,T1.2,St
Gymnopus,Gymnopus dryophilus,2009-10-19,T1.2,St
Gymnopilus,Gymnopilus penetrans,2009-10-19,T1.2,Lh
Mycena,Mycena vitilis,2009-10-19,T1.2,Lh
Galerina,Galerina vittiformis,2009-10-19,T1.2,M
Clitocybe,Clitocybe metachroa,2009-10-19,T1.2,St
Clitocybe,Clitocybe sp.,2009-10-19,T1.2,St
Mycena,Mycena epipterygia var. viscosa,2009-10-19,T1.2,St
Marasmius,Marasmius scorodonius,2009-10-19,T1.2,Co
Lepista,Lepista nebularis,2009-10-19,T1.2,St
Rhodocollybia,Rhodocollybia butyracea f. butyracea,2009-10-19,T7.1,St
Mycena,Mycena purpureofusca,2009-10-19,T7.1,Co
Hypholoma,Hypholoma fasciculare,2009-10-19,T7.1,Le
Clitocybe,Clitocybe metachroa,2009-10-19,T7.4,St
Cortinarius,Cortinarius sp.,2009-10-19,T7.4,Mr
Hebeloma,Hebeloma sp.,2009-10-19,T7.4,Mr
Amanita,Amanita phalloides,2009-10-19,T7.4,Mr
Leucoagaricus,Leucoagaricus leucothites,2009-10-19,A2.6,Hu
Stropharia,Stropharia coronilla,2009-10-19,A2.6,Hu
Psathyrella,Psathyrella sp.,2009-10-19,A2.6,Hu
Myxomphalia,Myxomphalia maura,2009-10-19,T7.1,Hu
Psathyrella,Psathyrella pennata,2009-10-19,T7.1,Hu
Pholiota,Pholiota highlandensis,2009-10-19,T7.1,Hu
Gymnopilus,Gymnopilus penetrans,2009-10-19,T7.1,Lh
Baeospora,Baeospora myosura,2009-10-19,T7.1,Str
Gymnopilus,Gymnopilus penetrans,2009-10-19,T7.1,Lh
Pluteus,Pluteus atromarginatus,2009-10-19,T7.1,Lh
Gymnopilus,Gymnopilus penetrans,2009-10-19,T7.1,Lh
Clitocybe,Clitocybe metachroa,2009-10-19,T7.1,St
Leucoagaricus,Leucoagaricus leucothites,2009-10-22,A2.5,Hu
Marasmius,Marasmius oreades,2009-10-22,A2.5,Hu
Pluteus,Pluteus sp.,2009-10-23,UW1.1,Lh
Psathyrella,Psathyrella sp.,2009-10-23,UW3.1,Hu
Pseudoclitocybe,Pseudoclitocybe cyathiformis,2009-10-23,UW1.1,Hu
Crepidotus,Crepidotus mollis,2009-10-23,UW1.1,Le
Pseudoclitocybe,Pseudoclitocybe cyathiformis,2009-10-23,UW4.1,Hu
Pseudoclitocybe,Pseudoclitocybe cyathiformis,2009-10-23,UW3.1,Hu
Stropharia,Stropharia aeruginosa,2009-10-23,IF2.2,Hu
Leucoagaricus,Leucoagaricus leucothites,2009-10-23,FP1.3,Hu
Agaricus,Agaricus sp.,2009-10-23,FP1.3,Hu
Marasmius,Marasmius oreades,2009-10-23,IF2.1,Hu
Lyophyllum,Lyophyllum sp.,2009-10-23,IF2.1,Hu
Mycena,Mycena olivaceomarginata,2009-10-23,IF2.1,sward
Psathyrella,Psathyrella pennata,2009-10-23,IF2.1,Hu
Conocybe,Conocybe sp.,2009-10-23,IF2.1,sward
Stropharia,Stropharia coronilla,2009-10-23,IF2.1,Hu
Conocybe,Conocybe sp.,2009-10-23,IF2.1,Hu
Lepiota,Lepiota sp.,2009-10-23,UW5.1,Hu
Leucoagaricus,Leucoagaricus leucothites,2009-10-23,UW5.1,Hu
Macrolepiota,Macrolepiota excoriata,2009-10-23,IF2.2,Hu
Melanoleuca,Melanoleuca sp.,2009-10-23,IF2.4,Hu
Strophariaceae,Strophariaceae,2009-10-23,IF2.4,Hu
Conocybe,Conocybe sp.,2009-10-23,IF2.4,Hu
Conocybe,Conocybe sp.,2009-10-23,IF2.4,Hu
Macrolepiota,Macrolepiota excoriata,2009-10-23,IF2.4,Hu
Marasmius,Marasmius oreades,2009-10-23,IF2.4,Hu
Crepidotus,Crepidotus mollis,2009-10-23,UW2.1,Le
Mycena,Mycena vitilis,2009-10-23,UW2.1,Lh
Pseudoclitocybe,Pseudoclitocybe cyathiformis,2009-10-23,IF2.3,Hu
Pseudoclitocybe,Pseudoclitocybe cyathiformis,2009-10-23,UW1.1,Le
Clitocybe,Clitocybe gibba,2009-10-23,UW1.1,St
Lepista,Lepista nebularis,2009-10-23,UW1.1,Hu
Phloeomana,Phloeomana speirea,2009-10-23,UW1.1,Co
Lepista,Lepista flaccida,2009-10-23,UW1.1,St
Pholiota,Pholiota salicicola,2009-10-23,UW1.1,Le
Leucoagaricus,Leucoagaricus leucothites,2009-10-23,UW1.1,Hu
Hypholoma,Hypholoma sp.,2009-10-23,UW1.1,Hu
Marasmiaceae,Marasmiaceae sp.,2009-10-23,UW1.1,He
Hebeloma,Hebeloma crustuliniforme,2009-10-23,UW1.1,Mr
Inocybe,Inocybe geophylla var. lilacina,2009-10-23,UW1.1,Hu
Inocybe,Inocybe geophylla var. lilacina,2009-10-23,UW1.1,Hu
Mycena,Mycena leptocephala,2009-10-23,UW1.1,St
Lepista,Lepista nuda,2009-10-23,UW1.1,Hu
Tubaria,Tubaria sp.,2009-10-23,UW1.1,Le
Russula,Russula sp.,2009-10-23,UW3.3,Mr
Russula,Russula sp.,2009-10-23,UW3.3,Mr
Mycena,Mycena leptocephala,2009-10-23,UW3.3,St
Agaricus,Agaricus sp.,2009-10-23,IF2.1,Hu
Psathyrella,Psathyrella sp.,2009-10-23,IF2.1,Hu
Psathyrella,Psathyrella sp.,2009-10-23,A2.6,Hu
Xerocomellus,Xerocomellus pruinatus,2009-10-23,A2.6,Mr
Macrolepiota,Macrolepiota konradii,2009-10-24,UW1.1,Hu
Lepiota,Lepiota cristata,2009-10-24,UW1.1,Hu
Lepiota,Lepiota cristata,2009-10-24,UW1.1,Hu
Stropharia,Stropharia coronilla,2009-10-24,A2.6,Hu
Coprinellus,Coprinellus micaceus,2009-10-25,A2.5,Hu
Mycena,Mycena purpureofusca,2009-10-25,UW3.3,Co
Gymnopus,Gymnopus peronatus,2009-10-25,UW1.1,St
Mycena,Mycena rosea,2009-10-25,UW1.1,St
Macrolepiota,Macrolepiota procera,2009-10-25,UW4.1,Hu
Marasmius,Marasmius oreades,2009-10-25,UW4.1,Hu
Mycena,Mycena olivaceomarginata,2009-10-25,UW4.1,sward
Mycena,Mycena aetites,2009-10-25,UW4.1,sward
Rhodocybe,Rhodocybe sp.,2009-10-25,UW4.1,sward
Conocybe,Conocybe sp.,2009-10-25,UW4.1,sward
Rickenella,Rickenella fibula,2009-10-25,UW4.1,M
Mycena,Mycena olivaceomarginata,2009-10-25,UW4.1,sward
Pseudoclitocybe,Pseudoclitocybe cyathiformis,2009-10-25,UW4.1,Hu
Armillaria,Armillaria mellea,2009-10-25,UW1.1,Le
Pluteus,Pluteus cervinus,2009-10-25,UW1.1,Le
Pholiota,Pholiota tuberculosa,2009-10-25,UW1.1,Le
Crepidotus,Crepidotus mollis,2009-10-25,UW1.1,Le
Crepidotus,Crepidotus mollis,2009-10-25,UW1.1,Le
Mycena,Mycena renati,2009-10-25,UW1.1,Le
Galerina,Galerina marginata,2009-10-25,UW1.1,Le
Mycena,Mycena galericulata,2009-10-25,UW1.1,Le
Xerocomellus,Xerocomellus pruinatus,2009-10-25,UW1.1,Mr
Coprinopsis,Coprinopsis picacea,2009-10-25,UW1.1,Hu
Lepiota,Lepiota sp.,2009-10-25,UW1.1,Hu
Lepiota,Lepiota cristata,2009-10-25,UW1.1,Hu
Agaricus,Agaricus sylvaticus,2009-10-25,UW1.1,Hu
Psathyrella,Psathyrella sp.,2009-10-25,UW1.1,Hu
Lepiota,Lepiota roseolivida,2009-10-25,UW1.1,St
Lepiota,Lepiota cristata,2009-10-25,UW1.1,St
Mycena,Mycena vitilis,2009-10-25,UW1.1,Lh
Psathyrella,Psathyrella sp.,2009-10-25,UW1.1,Hu
Mycena,Mycena galericulata,2009-10-25,UW1.1,Le
Coprinopsis,Coprinopsis picacea,2009-10-25,UW1.1,Hu
Mycena,Mycena renati,2009-10-25,UW1.1,Le
Pleurotus,Pleurotus ostreatus,2009-10-25,UW1.1,Le
Leucoagaricus,Leucoagaricus leucothites,2009-10-25,UW1.1,Hu
Leucoagaricus,Leucoagaricus badhamii,2009-10-25,UW1.1,Hu
Leucoagaricus,Leucoagaricus crystallifer,2009-10-25,UW1.1,Hu
Mycena,Mycena vitilis,2009-10-25,UW1.1,Lh
Mycena,Mycena rosea,2009-10-25,UW1.1,St
Mycena,Mycena inclinata,2009-10-25,UW1.1,Le
Mycena,Mycena galericulata,2009-10-25,UW1.1,Le
Leucoagaricus,Leucoagaricus badhamii,2009-10-25,UW1.1,Hu
Mycena,Mycena polygramma,2009-10-25,UW1.1,Le
Mycena,Mycena inclinata,2009-10-25,UW1.3,Le
Rhodocollybia,Rhodocollybia butyracea f. asema,2009-10-25,UW1.3,St
Mycena,Mycena galericulata,2009-10-25,UW1.3,Lh
Mycena,Mycena rosea,2009-10-26,UW1.1,Hu
Mycena,Mycena vitilis,2009-10-26,UW1.1,Lh
Lepiota,Lepiota cristata,2009-10-26,UW1.1,Hu
Mycena,Mycena polygramma,2009-10-26,UW1.1,Lh
Stropharia,Stropharia aeruginosa,2009-10-26,UW1.1,Hu
Mycena,Mycena rosea,2009-10-26,UW1.1,St
Psathyrella,Psathyrella sp.,2009-10-26,UW1.1,Hu
Psathyrella,Psathyrella effibulata,2009-10-26,UW1.1,Lh
Coprinopsis,Coprinopsis picacea,2009-10-26,UW1.1,Hu
Psathyrella,Psathyrella sp.,2009-10-26,UW1.1,Hu
Pluteus,Pluteus phlebophorus,2009-10-26,UW1.1,Hu
Rhodocollybia,Rhodocollybia butyracea f. asema,2009-10-26,UW1.1,St
Mycena,Mycena pura,2009-10-26,UW1.1,St
Leucoagaricus,Leucoagaricus badhamii,2009-10-26,UW1.1,Hu
Psathyrella,Psathyrella sp.,2009-10-26,UW1.1,Hu
Pluteus,Pluteus phlebophorus,2009-10-26,UW1.1,Hu
Lepiota,Lepiota cristata,2009-10-26,UW1.1,Hu
Mycena,Mycena polygramma,2009-10-26,UW1.1,Lh
Leucoagaricus,Leucoagaricus sericifer,2009-10-26,UW1.1,Hu
Leucoagaricus,Leucoagaricus sericifer,2009-10-26,UW1.1,St
Leucoagaricus,Leucoagaricus sericifer,2009-10-26,UW1.1,St
Clitocybe,Clitocybe sp.,2009-10-26,UW1.1,St
Lepista,Lepista flaccida,2009-10-26,UW1.1,St
Lepista,Lepista nuda,2009-10-26,UW1.1,Hu
Leucoagaricus,Leucoagaricus badhamii,2009-10-26,UW1.1,Hu
Leucoagaricus,Leucoagaricus crystallifer,2009-10-26,UW1.1,St
Leucoagaricus,Leucoagaricus sericifer,2009-10-26,UW1.1,Hu
Entoloma,Entoloma turbidum,2009-10-26,UW1.1,Mr
Pluteus,Pluteus salicinus,2009-10-26,UW1.1,Lh
Psathyrella,Psathyrella effibulata,2009-10-26,UW1.1,Lh
Pluteus,Pluteus phlebophorus,2009-10-26,UW1.1,Le
Coprinopsis,Coprinopsis atramentaria,2009-10-26,UW1.1,Hu
Pholiota,Pholiota gummosa,2009-10-26,UW1.1,Hu
Rhodocollybia,Rhodocollybia butyracea f. asema,2009-10-26,T1.2,St
Chroogomphus,Chroogomphus rutilus,2009-11-02,T2.1,Mr
Rhodocollybia,Rhodocollybia butyracea f. asema,2009-11-02,T2.3,St
Clitocybe,Clitocybe dealbata,2009-11-02,T2.1,St
Cystoderma,Cystoderma carcharias,2009-11-02,T2.3,St
Gymnopilus,Gymnopilus penetrans,2009-11-02,T2.3,Lh
Clitocybe,Clitocybe metachroa,2009-11-02,T2.3,St
Cystoderma,Cystoderma sp.,2009-11-02,T2.1,St
Hygrophoropsis,Hygrophoropsis aurantiaca,2009-11-02,T2.1,St
Marasmius,Marasmius oreades,2009-11-09,T6,Hu
Clitocybe,Clitocybe sp.,2009-11-09,T6,St
Marasmius,Marasmius scorodonius,2009-11-09,T1.2,St
Gymnopus,Gymnopus androsaceus,2009-11-09,T1.2,St
Clitocybe,Clitocybe metachroa,2009-11-09,T1.2,St
Galerina,Galerina sideroides,2009-11-09,T1.2,Le
Mycena,Mycena epipterygia var. viscosa,2009-11-09,T1.2,St
Rhodocollybia,Rhodocollybia butyracea f. butyracea,2009-11-09,T1.2,St
Clitocybe,Clitocybe diatreta,2009-11-09,T1.2,St
Rhodocollybia,Rhodocollybia butyracea f. asema,2009-11-09,T1.2,St
Clitocybe,Clitocybe metachroa,2009-11-09,T1.2,St
Mycena,Mycena sp.,2009-11-09,T1.2,St
Flammulina,Flammulina velutipes,2009-11-09,T1.2,Le
Stropharia,Stropharia aeruginosa,2009-11-09,T1.2,Hu
Marasmius,Marasmius oreades,2009-11-09,T1.2,Hu
Rhodocollybia,Rhodocollybia butyracea f. butyracea,2009-11-09,T1.2,St
Mycena,Mycena epipterygia var. viscosa,2009-11-09,T1.2,St
Agaricus,Agaricus sp.,2009-11-09,E1.2,Hu
Armillaria,Armillaria mellea,2009-11-09,FP2.5,Lh
Mycena,Mycena sp.,2009-11-09,FP2.2,Le
Meottomyces,Meottomyces dissimulans,2009-11-09,FP2.5,St
Lepista,Lepista personata,2009-11-09,FP2.2,Hu
Clitocybe,Clitocybe diatreta,2009-11-16,T1.2,St
Rhodocollybia,Rhodocollybia butyracea f. butyracea,2009-11-16,T1.2,St
Mycena,Mycena purpureofusca,2009-11-16,T1.2,Co
Gymnopus,Gymnopus androsaceus,2009-11-16,T1.2,St
Galerina,Galerina sideroides,2009-11-16,T1.2,St
Baeospora,Baeospora myosura,2009-11-16,T1.2,Str
Mycena,Mycena metata,2009-11-16,T1.2,St
Lepista,Lepista nebularis,2009-11-16,T1.2,Hu
Rhodocollybia,Rhodocollybia butyracea f. butyracea,2009-11-16,T1.2,St
Galerina,Galerina sideroides,2009-11-16,T1.2,St
Mycena,Mycena sp.,2009-11-16,T1.2,St
Galerina,Galerina sideroides,2009-11-16,T1.2,Lh
Hebeloma,Hebeloma sp.,2009-11-16,T1.2,St
Lepista,Lepista flaccida,2009-11-16,T1.2,St
Mycena,Mycena epipterygia var. viscosa,2009-11-16,T1.2,St
Rhodocollybia,Rhodocollybia butyracea f. butyracea,2009-11-16,T1.2,St
Marasmius,Marasmius scorodonius,2009-11-16,T1.2,St
Stropharia,Stropharia aeruginosa,2009-11-16,T1.2,Hu
Lepista,Lepista nebularis,2009-11-16,T1.2,Hu
Mycena,Mycena purpureofusca,2009-11-16,T1.2,Co
Clitocybe,Clitocybe diatreta,2009-11-16,T1.2,St
Cystodermella,Cystodermella cinnabarina,2009-11-16,T1.2,Hu
Cystoderma,Cystoderma carcharias,2009-11-16,T7.1,Hu
Myxomphalia,Myxomphalia maura,2009-11-16,T7.1,Hu
Mycena,Mycena purpureofusca,2009-11-16,T7.1,Co
Laccaria,Laccaria laccata,2009-11-16,T7.1,Mr
Rhodocollybia,Rhodocollybia butyracea f. butyracea,2009-11-16,T7.1,St
Galerina,Galerina sideroides,2009-11-16,T7.1,St
Rickenella,Rickenella fibula,2009-11-16,T7.1,M
Mycena,Mycena purpureofusca,2009-11-16,T7.1,Co
Clitocybe,Clitocybe diatreta,2009-11-16,T2.3,St
Cystoderma,Cystoderma carcharias,2009-11-16,T2.3,St
Tricholoma,Tricholoma equestre,2009-11-16,T2.3,Mr
Clitocybe,Clitocybe phyllophila,2009-11-16,T2.3,St
Clitocybe,Clitocybe diatreta,2009-11-16,T2.3,St
Rhodocollybia,Rhodocollybia butyracea f. butyracea,2009-11-16,T2.3,St
Lepista,Lepista flaccida,2009-11-16,T1.2,St
Mycena,Mycena purpureofusca,2009-11-16,T1.2,Lh
Flammulina,Flammulina velutipes,2009-11-22,FP2.1,Le
Clitocybe,Clitocybe metachroa,2009-11-22,UW1.1,St
Tubaria,Tubaria sp.,2009-11-22,UW1.1,Le
Stropharia,Stropharia aeruginosa,2009-11-22,UW1.1,Le
Flammulina,Flammulina velutipes,2009-11-22,FP2.1,Le
Pseudoclitocybe,Pseudoclitocybe cyathiformis,2009-11-22,FP2.1,Lh
Flammulina,Flammulina velutipes,2009-11-22,FP2.1,Le
Flammulina,Flammulina velutipes,2009-11-22,FP2.1,Le
Gymnopus,Gymnopus sp.,2009-11-22,UW1.1,St
Mycena,Mycena inclinata,2009-11-22,UW1.1,Le
Leucoagaricus,Leucoagaricus badhamii,2009-11-22,UW1.1,St
Gymnopus,Gymnopus dryophilus,2009-11-22,UW1.1,St
Mycena,Mycena inclinata,2009-11-22,UW1.1,Le
Pseudoclitocybe,Pseudoclitocybe cyathiformis,2009-11-22,UW1.1,Hu
Rhodocollybia,Rhodocollybia butyracea f. butyracea,2009-11-22,UW1.1,St
Lepista,Lepista flaccida,2009-11-22,UW1.1,St
Mycena,Mycena polygramma,2009-11-22,UW1.1,Lh
Leucoagaricus,Leucoagaricus crystallifer,2009-11-22,UW1.3,Hu
Laccaria,Laccaria proxima,2009-12-01,T2.3,Mr
Clitocybe,Clitocybe metachroa,2009-12-01,T2.3,St
Mycena,Mycena purpureofusca,2009-12-01,T2.3,Co
Rhodocollybia,Rhodocollybia butyracea f. asema,2009-12-01,T3.1,St
Pleurotus,Pleurotus ostreatus,2009-12-01,T3.1,Le
Hygrophorus,Hygrophorus hyphotejus,2009-12-01,T3.1,Mr
Amanita,Amanita muscaria var. formosa,2009-12-01,T3.1,Mr
Mycena,Mycena metata,2009-12-01,T3.1,St
Pluteus,Pluteus cervinus,2009-12-01,T3.1,Lh
Pleurotus,Pleurotus ostreatus,2009-12-01,FP2.2,Le
Meottomyces,Meottomyces dissimulans,2009-12-01,FP2.2,St
Flammulina,Flammulina velutipes,2009-12-01,FP2.2,Le
Rhodotus,Rhodotus palmatus,2009-12-01,FP2.2,Le
Lentinellus,Lentinellus ursinus,2009-12-01,FP2.2,Le
Crepidotus,Crepidotus caspari,2009-12-01,FP2.2,Le
Mycena,Mycena galericulata,2009-12-01,FP2.2,Le
Mycena,Mycena sp.,2009-12-01,FP2.2,Fd
Flammulina,Flammulina velutipes,2009-12-01,FP2.2,Le
Crepidotus,Crepidotus caspari,2009-12-01,FP2.2,Le
Armillaria,Armillaria sp.,2009-12-01,FP2.2,Lh
Macrolepiota,Macrolepiota excoriata,2009-12-01,FP2.2,Hu
Crepidotus,Crepidotus caspari,2009-12-01,FP2.2,Le
Lepista,Lepista flaccida,2009-12-01,T1.1,St
Psilocybe,Psilocybe montana,2009-12-01,T2.3,M
Hygrophorus,Hygrophorus hyphotejus,2009-12-01,T2.3,Mr
Mycena,Mycena inclinata,2009-12-01,T9,Le
Rhodocollybia,Rhodocollybia butyracea f. asema,2009-12-01,T9,St
Hygrophorus,Hygrophorus arbustivus,2009-12-01,T9,Mr
Hygrophoropsis,Hygrophoropsis aurantiaca,2009-12-01,E3.1,Lh
Hygrophorus,Hygrophorus arbustivus,2009-12-01,E3.1,Mr
Lepista,Lepista nebularis,2009-12-01,T1.1,St
Stropharia,Stropharia aeruginosa,2009-12-02,UW3.3,Hu
Lepista,Lepista nebularis,2009-12-02,UW3.3,Hu
Lepista,Lepista flaccida,2009-12-02,UW3.3,St
Rhodocollybia,Rhodocollybia butyracea f. asema,2009-12-02,UW3.3,St
Mycena,Mycena inclinata,2009-12-02,UW1.1,Le
Crepidotus,Crepidotus mollis,2009-12-02,UW1.1,Le
Panellus,Panellus stipticus,2009-12-02,UW1.1,Le
Pseudoclitocybe,Pseudoclitocybe cyathiformis,2009-12-02,UW1.1,St
Mycena,Mycena inclinata,2009-12-02,UW1.3,Le
Mycena,Mycena inclinata,2009-12-02,UW1.3,Le
Hygrophorus,Hygrophorus arbustivus,2009-12-02,UW1.3,Mr
Mycena,Mycena polygramma,2009-12-02,UW1.3,Lh
Tubaria,Tubaria furfuracea,2009-12-02,UW1.3,Le
Hygrophorus,Hygrophorus arbustivus,2009-12-02,UW1.3,Mr
Crepidotus,Crepidotus mollis,2009-12-02,UW1.3,Le
Rhodocollybia,Rhodocollybia butyracea f. asema,2009-12-02,UW1.3,St
Psathyrella,Psathyrella sp.,2009-12-02,UW1.3,Lh
Coprinopsis,Coprinopsis picacea,2009-12-02,UW1.3,Hu
Mycena,Mycena polygramma,2009-12-02,UW1.3,Lh
Rhodocollybia,Rhodocollybia butyracea f. asema,2009-12-02,UW1.3,St
Chlorophyllum,Chlorophyllum rachodes,2009-12-02,UW1.3,Hu
Flammulina,Flammulina velutipes,2009-12-02,UW1.3,Le
Mycena,Mycena inclinata,2009-12-02,UW1.3,Le
Mycena,Mycena inclinata f. albopilea,2009-12-02,UW1.3,Le
Panellus,Panellus stipticus,2009-12-02,UW1.3,Le
Mycena,Mycena aff. aurantiomarginata,2009-12-02,UW1.3,Lh
Psathyrella,Psathyrella sp.,2009-12-02,UW1.3,Lh
Lepista,Lepista flaccida,2009-12-02,UW3.2,St
Leucoagaricus,Leucoagaricus sublittoralis,2009-12-02,UW1.3,Hu
Rhodocollybia,Rhodocollybia butyracea f. asema,2009-12-02,UW3.2,St
Coprinopsis,Coprinopsis radiata,2009-12-02,UW3.2,Ex
Mycena,Mycena sp.,2009-12-02,UW3.2,St
Mycena,Mycena metata,2009-12-02,UW3.2,St
Baeospora,Baeospora myosura,2009-12-02,UW3.2,Str
Strobilurus,Strobilurus esculentus,2009-12-02,UW3.2,Str
Flammulina,Flammulina velutipes,2009-12-02,UW1.3,Le
Pseudoclitocybe,Pseudoclitocybe cyathiformis,2009-12-02,UW1.3,Hu
Chlorophyllum,Chlorophyllum rachodes,2009-12-02,UW1.3,Hu
Mycena,Mycena galericulata,2009-12-02,UW1.3,Le
Lepista,Lepista flaccida,2009-12-02,UW1.3,St
Hygrophorus,Hygrophorus arbustivus,2009-12-02,UW1.3,Mr
Mycena,Mycena aff. aurantiomarginata,2009-12-02,UW1.3,St
Coprinopsis,Coprinopsis atramentaria,2009-12-02,UW1.3,Hu
Pseudoclitocybe,Pseudoclitocybe cyathiformis,2009-12-02,UW1.3,Hu
Psathyrella,Psathyrella sp.,2009-12-02,UW1.3,Hu
Meottomyces,Meottomyces dissimulans,2009-12-02,UW2.1,St
Galerina,Galerina vittiformis,2009-12-02,UW3.3,St
Rhodocollybia,Rhodocollybia butyracea f. butyracea,2009-12-02,UW3.3,St
Rhodocollybia,Rhodocollybia butyracea f. asema,2009-12-02,UW3.3,St
Lepista,Lepista flaccida,2009-12-02,UW3.3,St
Lepista,Lepista nebularis,2009-12-02,UW3.3,Hu
Inocybe,Inocybe sp.,2009-12-02,UW3.3,Mr
Flammulina,Flammulina velutipes,2010-04-09,UW1.1,Le
Strobilurus,Strobilurus esculentus,2010-04-10,UW3.2,Str
Strobilurus,Strobilurus stephanocystis,2010-04-12,T1.1,Str
Strobilurus,Strobilurus stephanocystis,2010-04-19,T1.2,Str
Strobilurus,Strobilurus stephanocystis,2010-04-19,T1.2,Str
Strobilurus,Strobilurus stephanocystis,2010-04-19,T1.2,Str
Entoloma,Entoloma vernum,2010-04-19,T1.2,Mr
Coprinus,Coprinus comatus,2010-04-24,T10.1,Hu
Strobilurus,Strobilurus stephanocystis,2010-04-24,T1.2,Str
Coprinellus,Coprinellus domesticus,2010-04-25,UW1.3,Le
Coprinellus,Coprinellus domesticus,2010-04-25,UW1.3,Le
Psathyrella,Psathyrella sp.,2010-04-25,UW1.3,St
Strobilurus,Strobilurus esculentus,2010-04-25,UW3.2,Str
Coprinellus,Coprinellus domesticus,2010-04-25,UW1.3,Le
Psathyrella,Psathyrella sp.,2010-04-26,UW1.1,Le
Psathyrella,Psathyrella sp.,2010-04-26,UW1.1,Hu
Pleurotus,Pleurotus calyptratus,2010-04-26,UW1.1,Le
Pleurotus,Pleurotus calyptratus,2010-04-26,UW1.1,Le
Pleurotus,Pleurotus calyptratus,2010-05-07,UW1.1,Le
Agrocybe,Agrocybe pediades,2010-05-07,E1.1,Hu
Pleurotus,Pleurotus calyptratus,2010-05-07,UW1.1,Le
Pleurotus,Pleurotus calyptratus,2010-05-07,UW1.5,Le
Mycena,Mycena galericulata,2010-05-08,UW1.1,Le
Pleurotus,Pleurotus calyptratus,2010-05-08,UW1.1,Le
Psathyrella,Psathyrella spadiceogrisea,2010-05-08,UW1.1,Hu
Lepista,Lepista personata,2010-05-08,UW3.1,Hu
Lacrymaria,Lacrymaria lacrymabunda,2010-05-09,UW3.3,Hu
Strobilurus,Strobilurus stephanocystis,2010-05-10,T1.1,Str
Lentinus,Lentinus tigrinus,2010-05-10,FP2.3,Le
Mycena,Mycena niveipes,2010-05-15,UW1.3,St
Psathyrella,Psathyrella sp.,2010-05-17,UW1.3,St
Mycena,Mycena galericulata,2010-05-17,UW1.3,Lh
Mycena,Mycena vitilis,2010-05-17,UW1.3,Lh
Mycena,Mycena vitilis,2010-05-17,UW1.3,Lh
Gymnopus,Gymnopus dryophilus,2010-05-17,UW1.3,Hu
Mycena,Mycena vitilis,2010-05-17,UW1.3,Lh
Pholiotina,Pholiotina utriformis,2010-05-17,UW1.3,Hu
Mycena,Mycena vitilis,2010-05-17,UW1.3,Lh
Psathyrella,Psathyrella sp.,2010-05-17,UW1.3,St
Psathyrella,Psathyrella spadiceogrisea,2010-05-17,UW1.3,Hu
Mycena,Mycena vitilis,2010-05-17,UW1.3,Lh
Agrocybe,Agrocybe praecox,2010-05-17,UW1.3,Hu
Mycena,Mycena abramsii,2010-05-17,UW1.3,St
Mycena,Mycena galericulata,2010-05-17,UW1.3,Le
Strobilurus,Strobilurus stephanocystis,2010-05-24,T1.2,Str
Marasmius,Marasmius oreades,2010-05-24,T1.2,Hu
Mycena,Mycena galericulata,2010-05-24,T3.1,Le
Psathyrella,Psathyrella spadiceogrisea,2010-05-24,T3.1,St
Agrocybe,Agrocybe praecox,2010-05-24,T3.1,Hu
Marasmius,Marasmius oreades,2010-05-24,T7.2,Hu
Psathyrella,Psathyrella sp.,2010-05-24,T3.1,St
Coprinellus,Coprinellus domesticus,2010-05-24,T3.1,Le
Hydropus,Hydropus floccipes,2010-05-24,T1.1,Lh
Mycena,Mycena galericulata,2010-05-24,T1.1,Lh
Gymnopus,Gymnopus dryophilus,2010-05-24,UW1.1,St
Mycena,Mycena galericulata,2010-05-24,UW1.1,Le
Crepidotus,Crepidotus mollis,2010-05-24,UW1.1,Le
Mycena,Mycena vitilis,2010-05-24,UW1.1,Lh
Gymnopus,Gymnopus dryophilus,2010-05-24,UW1.1,St
Agrocybe,Agrocybe praecox,2010-05-24,UW1.1,Hu
Mycena,Mycena galericulata,2010-05-24,UW1.1,Lh
Mycena,Mycena galericulata,2010-05-24,UW1.1,Lh
Pluteus,Pluteus sp.,2010-05-24,UW1.1,Hu
Conocybe,Conocybe sp.,2010-05-24,UW1.1,Hu
Gymnopus,Gymnopus dryophilus,2010-05-24,UW1.1,St
Mycena,Mycena galericulata,2010-05-24,UW1.1,Lh
Agrocybe,Agrocybe praecox,2010-05-24,UW1.1,Hu
Psathyrella,Psathyrella sp.,2010-05-24,UW1.1,Hu
Lepista,Lepista sordida,2010-05-24,UW1.1,Hu
Mycena,Mycena acicula,2010-05-24,UW1.1,Le
Hydropus,Hydropus floccipes,2010-05-24,UW1.1,Le
Megacollybia,Megacollybia platyphylla,2010-05-24,UW1.1,Lh
Bolbitius,Bolbitius titubans,2010-05-24,UW1.1,Hu
Kuehneromyces,Kuehneromyces mutabilis,2010-05-24,UW1.1,Le
Mycena,Mycena galericulata,2010-05-24,UW1.1,Le
Crepidotus,Crepidotus mollis,2010-05-24,UW1.1,Le
Mycena,Mycena galericulata,2010-05-24,UW1.1,Lh
Psathyrella,Psathyrella spadiceogrisea,2010-05-24,UW1.1,Hu
Megacollybia,Megacollybia platyphylla,2010-05-24,UW1.1,Lh
Crepidotus,Crepidotus mollis,2010-05-24,UW1.1,Le
Conocybe,Conocybe sp.,2010-05-24,UW1.1,St
Bolbitius,Bolbitius titubans,2010-05-24,UW2.1,St
Megacollybia,Megacollybia platyphylla,2010-05-24,UW2.1,Le
Psathyrella,Psathyrella sp.,2010-05-24,UW2.1,Hu
Mycena,Mycena galericulata,2010-05-24,UW1.1,Le
Psathyrella,Psathyrella spadiceogrisea,2010-05-24,UW1.1,Hu
Coprinellus,Coprinellus domesticus,2010-05-24,UW1.1,Hu
Agrocybe,Agrocybe praecox,2010-05-24,UW3.1,Hu
Lacrymaria,Lacrymaria lacrymabunda,2010-05-24,UW3.1,Hu
Agrocybe,Agrocybe pediades,2010-05-25,A2.7,Hu
Pluteus,Pluteus sp.,2010-05-29,FP1.1,He
Strobilurus,Strobilurus stephanocystis,2010-06-07,T2.3,Str
Macrolepiota,Macrolepiota procera,2010-06-17,UW1.1,Hu
Hymenopellis,Hymenopellis radicata,2010-06-17,UW1.1,Hu
Boletus,Boletus edulis,2010-06-17,UW1.1,Mr
Coprinellus,Coprinellus domesticus,2010-06-19,UW1.3,St
Megacollybia,Megacollybia platyphylla,2010-06-19,UW1.3,Lh
Mycena,Mycena inclinata,2010-06-19,UW1.3,Le
Hydropus,Hydropus floccipes,2010-06-29,UW1.5,Lh
Xerocomus,Xerocomus sp.,2010-06-29,UW1.1,Mr
Volvariella,Volvariella sp.,2010-06-29,UW1.1,Hu
Lentinus,Lentinus tigrinus,2010-06-29,UW1.5,Le
Coprinopsis,Coprinopsis atramentaria,2010-06-29,UW1.5,Le
Megacollybia,Megacollybia platyphylla,2010-06-29,UW1.1,Lh
Pluteus,Pluteus sp.,2010-06-29,UW1.1,Le
Pluteus,Pluteus sp.,2010-06-29,UW3.2,Le
Lactarius,Lactarius sp.,2010-06-29,UW3.2,Mr
Psathyrella,Psathyrella sp.,2010-06-29,UW1.1,Hu
Lacrymaria,Lacrymaria lacrymabunda,2010-06-29,UW1.1,Hu
Gymnopus,Gymnopus dryophilus,2010-06-30,T8,St
Neolentinus,Neolentinus lepideus,2010-06-30,T1.2,Lh
Pluteus,Pluteus plautus,2010-06-30,T1.2,Le
Marasmius,Marasmius scorodonius,2010-06-30,T2.4,St
Marasmius,Marasmius oreades,2010-06-30,T2.4,Hu
Marasmius,Marasmius sp.,2010-07-01,UW3.3,St
Russula,Russula sp.,2010-07-01,UW1.1,Mr
Pleurotus,Pleurotus cornucopiae,2010-07-01,UW1.1,Le
Pluteus,Pluteus sp.,2010-07-01,UW1.5,Le
Neolentinus,Neolentinus lepideus,2010-07-02,T1.2,Le
Gymnopus,Gymnopus androsaceus,2010-07-02,T1.2,St
Marasmius,Marasmius oreades,2010-07-02,T7.2,Hu
Marasmius,Marasmius sp.,2010-07-02,T1.2,St
Crepidotus,Crepidotus mollis,2010-07-03,UW1.1,Le
Gymnopus,Gymnopus dryophilus,2010-07-03,UW1.1,St
Russula,Russula sp.,2010-07-03,UW1.1,Mr
Coprinopsis,Coprinopsis atramentaria,2010-07-03,UW1.1,Lh
Bolbitius,Bolbitius titubans,2010-07-03,UW2.1,Hu
Gymnopus,Gymnopus peronatus,2010-07-03,UW2.1,Hu
Psathyrella,Psathyrella sp.,2010-07-03,UW1.1,Hu
Pleurotus,Pleurotus pulmonarius,2010-07-03,UW1.1,Le
Hymenopellis,Hymenopellis radicata,2010-07-03,UW1.1,Lh
Amanita,Amanita sp.,2010-07-03,UW1.1,Mr
Agaricus,Agaricus sp.,2010-07-03,UW1.1,Hu
Mycena,Mycena vitilis,2010-07-03,UW1.1,Lh
Mycena,Mycena sp.,2010-07-03,UW3.2,Le
Agaricus,Agaricus arvensis,2010-07-03,UW3.2,Hu
Conocybe,Conocybe sp.,2010-07-09,T1.2,Hu
Clitocybe,Clitocybe sp.,2010-07-09,T2.4,St
Gymnopus,Gymnopus erythropus,2010-08-30,IF1.1,St
Gymnopus,Gymnopus peronatus,2010-08-30,IF1.1,St
Gymnopus,Gymnopus dryophilus,2010-08-30,IF1.1,St
Coprinopsis,Coprinopsis atramentaria,2010-08-30,IF1.1,St
Gymnopus,Gymnopus dryophilus,2010-09-03,FP2.2,St
Gymnopus,Gymnopus dryophilus,2010-09-04,UW1.1,St
Coprinellus,Coprinellus disseminatus,2010-09-04,UW1.5,Le
Lentinus,Lentinus tigrinus,2010-09-04,UW1.5,Le
Gymnopus,Gymnopus dryophilus,2010-09-04,UW1.5,St
Pleurotus,Pleurotus pulmonarius,2010-09-04,UW1.5,Le
Gymnopus,Gymnopus dryophilus,2010-09-04,UW1.5,St
Crepidotus,Crepidotus mollis,2010-09-04,UW1.5,Le
Gymnopus,Gymnopus peronatus,2010-09-04,UW1.5,St
Gymnopus,Gymnopus dryophilus,2010-09-04,UW1.5,St
Pluteus,Pluteus sp.,2010-09-04,UW1.5,Le
Clitocybe,Clitocybe sp.,2010-09-04,UW3.2,St
Gymnopus,Gymnopus dryophilus,2010-09-04,UW3.2,St
Gymnopus,Gymnopus peronatus,2010-09-04,UW1.1,St
Mycena,Mycena sp.,2010-09-04,UW1.1,St
Gymnopus,Gymnopus dryophilus,2010-09-04,UW4.1,Hu
Conocybe,Conocybe sp.,2010-09-05,FP1.1,St
Pluteus,Pluteus cervinus,2010-09-05,FP2.3,Lh
Conocybe,Conocybe sp.,2010-09-05,FP1.1,He
Lentinus,Lentinus tigrinus,2010-09-05,FP2.3,Le
Gymnopus,Gymnopus dryophilus,2010-09-05,FP2.3,St
Leucoagaricus,Leucoagaricus sublittoralis,2010-09-05,FP2.3,Hu
Pluteus,Pluteus sp.,2010-09-05,FP2.3,Le
Psathyrella,Psathyrella candolleana,2010-09-05,FP2.3,St
Pluteus,Pluteus sp.,2010-09-05,FP2.3,Lh
Pluteus,Pluteus sp.,2010-09-05,FP2.3,Lh
Gymnopus,Gymnopus dryophilus,2010-09-05,FP2.3,St
Agaricus,Agaricus augustus,2010-09-05,FP2.2,Hu
Gymnopus,Gymnopus dryophilus,2010-09-05,FP2.2,St
Pluteus,Pluteus sp.,2010-09-06,FP2.2,Le
Clitocybe,Clitocybe sp.,2010-09-06,FP2.2,Co
Agaricus,Agaricus augustus,2010-09-06,FP2.2,Hu
Agrocybe,Agrocybe sp.,2010-09-06,FP1.6,Hu
Agaricus,Agaricus sp.,2010-09-06,FP1.6,Hu
Tubaria,Tubaria sp.,2010-09-07,UW1.1,Hu
Crepidotus,Crepidotus mollis,2010-09-07,UW1.1,Le
Pluteus,Pluteus sp.,2010-09-07,UW1.1,Le
Crepidotus,Crepidotus mollis,2010-09-07,UW2.1,Le
Coprinellus,Coprinellus disseminatus,2010-09-07,UW2.1,Lh
Lentinellus,Lentinellus ursinus,2010-09-07,UW2.1,Le
Psathyrella,Psathyrella sp.,2010-09-07,UW2.1,Lh
Psathyrella,Psathyrella sp.,2010-09-07,UW2.1,Hu
Crepidotus,Crepidotus crocophyllus,2010-09-07,UW2.1,Le
Psathyrella,Psathyrella sp.,2010-09-07,UW1.1,St
Gymnopus,Gymnopus dryophilus,2010-09-07,UW1.1,St
Agaricus,Agaricus xantholepis,2010-09-07,UW1.1,Hu
Simocybe,Simocybe sumptuosa,2010-09-07,UW1.1,Le
Coprinellus,Coprinellus disseminatus,2010-09-07,UW3.3,Hu
Gymnopus,Gymnopus dryophilus,2010-09-07,UW3.3,St
Chlorophyllum,Chlorophyllum rachodes,2010-09-07,UW3.3,St
Psathyrella,Psathyrella sp.,2010-09-10,FP2.3,Hu
Mycena,Mycena sp.,2010-09-10,FP2.3,Le
Mycena,Mycena galericulata,2010-09-10,FP2.3,Le
Coprinellus,Coprinellus disseminatus,2010-09-10,FP2.3,Le
Coprinellus,Coprinellus micaceus,2010-09-10,FP2.3,Lh
Psathyrella,Psathyrella candolleana,2010-09-10,FP2.3,Lh
Pluteus,Pluteus cervinus,2010-09-10,FP2.3,Lh
Psathyrella,Psathyrella candolleana,2010-09-10,FP2.3,Hu
Pluteus,Pluteus umbrosus,2010-09-10,FP2.3,Le
Crepidotus,Crepidotus mollis,2010-09-10,FP2.2,Le
Crepidotus,Crepidotus crocophyllus,2010-09-10,FP2.2,Le
Mycena,Mycena galericulata,2010-09-10,FP2.2,Le
Coprinellus,Coprinellus disseminatus,2010-09-10,FP2.2,Le
Pluteus,Pluteus sp.,2010-09-10,FP2.2,Le
Clitocybe,Clitocybe sp.,2010-09-10,FP2.2,Le
Clitocybe,Clitocybe gibba,2010-09-10,T1.1,St
Psathyrella,Psathyrella sp.,2010-09-10,T9,Hu
Crepidotus,Crepidotus mollis,2010-09-11,UW1.1,Le
Macrolepiota,Macrolepiota procera,2010-09-11,UW1.1,Hu
Pleurotus,Pleurotus pulmonarius,2010-09-11,UW1.1,Le
Crepidotus,Crepidotus crocophyllus,2010-09-11,UW1.1,Le
Mycena,Mycena inclinata,2010-09-11,UW1.1,Le
Coprinellus,Coprinellus disseminatus,2010-09-11,UW3.2,Le
Gymnopus,Gymnopus dryophilus,2010-09-11,UW3.2,St
Mycena,Mycena inclinata,2010-09-11,UW3.2,Le
Gymnopus,Gymnopus dryophilus,2010-09-11,E3.3,St
Crepidotus,Crepidotus mollis,2010-09-11,UW3.2,Le
Psathyrella,Psathyrella sp.,2010-09-11,E3.3,Hu
Gymnopus,Gymnopus dryophilus,2010-09-11,UW1.1,St
Clitocybe,Clitocybe gibba,2010-09-11,UW1.1,St
Gymnopus,Gymnopus dryophilus,2010-09-11,UW1.1,St
Mycena,Mycena galericulata,2010-09-11,UW1.1,Lh
Megacollybia,Megacollybia platyphylla,2010-09-11,UW1.1,Lh
Mycena,Mycena galericulata,2010-09-11,UW1.1,Lh
Crepidotus,Crepidotus mollis,2010-09-11,UW1.1,Le
Agaricus,Agaricus sp.,2010-09-11,UW1.1,Hu
Gymnopus,Gymnopus peronatus,2010-09-11,UW1.1,St
Agaricus,Agaricus xantholepis,2010-09-11,UW1.1,Hu
Crepidotus,Crepidotus mollis,2010-09-11,UW1.1,Le
Lepiota,Lepiota angustispora,2010-09-11,UW1.1,St
Russula,Russula sp.,2010-09-11,UW1.1,Mr
Agaricus,Agaricus comtulus,2010-09-11,UW1.1,Hu
Psathyrella,Psathyrella sp.,2010-09-11,T1.2,St
Macrolepiota,Macrolepiota procera,2010-09-12,UW3.3,St
Agaricus,Agaricus xantholepis,2010-09-12,E3.2,Hu
Gymnopus,Gymnopus dryophilus,2010-09-12,UW1.1,St
Lepiota,Lepiota sp.,2010-09-12,UW1.1,Hu
Psathyrella,Psathyrella sp.,2010-09-12,UW1.1,Le
Lepiota,Lepiota cristata,2010-09-12,UW1.1,Hu
Agaricus,Agaricus comtulus,2010-09-12,UW1.1,Hu
Macrolepiota,Macrolepiota procera,2010-09-12,UW1.1,Hu
Macrolepiota,Macrolepiota mastoidea,2010-09-12,UW1.1,Hu
Psathyrella,Psathyrella sp.,2010-09-12,UW3.1,Hu
Coprinellus,Coprinellus disseminatus,2010-09-12,UW3.1,Le
Mycena,Mycena galericulata,2010-09-12,UW1.1,Le
Gymnopus,Gymnopus dryophilus,2010-09-12,UW3.4,St
Mycena,Mycena galericulata,2010-09-12,UW1.1,Le
Crepidotus,Crepidotus mollis,2010-09-12,UW1.1,Le
Macrolepiota,Macrolepiota mastoidea,2010-09-12,UW1.1,Hu
Pleurotus,Pleurotus pulmonarius,2010-09-12,UW1.1,Le
Crepidotus,Crepidotus crocophyllus,2010-09-12,UW1.1,Le
Psathyrella,Psathyrella sp.,2010-09-12,UW1.1,Hu
Mycena,Mycena vitilis,2010-09-12,UW1.1,Lh
Mycena,Mycena renati,2010-09-12,UW1.1,Le
Mycena,Mycena galericulata,2010-09-12,UW1.1,Le
Gymnopus,Gymnopus dryophilus,2010-09-12,UW1.1,St
Psathyrella,Psathyrella sp.,2010-09-12,UW1.1,Le
Mycena,Mycena galericulata,2010-09-12,UW1.1,Lh
Pleurotus,Pleurotus pulmonarius,2010-09-12,UW1.1,Le
Crepidotus,Crepidotus crocophyllus,2010-09-12,UW1.1,Le
Agaricus,Agaricus arvensis,2010-09-16,IF2.2,Hu
Macrolepiota,Macrolepiota excoriata,2010-09-16,IF2.2,Hu
Agaricus,Agaricus arvensis,2010-09-17,A2.7,Hu
Leucoagaricus,Leucoagaricus leucothites,2010-09-27,A2.6,Hu
Chlorophyllum,Chlorophyllum rachodes,2010-09-27,A2.7,Hu
Clitocybe,Clitocybe sp.,2010-09-27,E3.2,St
Leucoagaricus,Leucoagaricus sericifer,2010-09-27,E3.2,St
Psathyrella,Psathyrella sp.,2010-09-27,E3.2,Lh
Gymnopus,Gymnopus dryophilus,2010-09-27,E3.2,St
Agaricus,Agaricus sp.,2010-09-27,E3.2,Hu
Mycena,Mycena purpureofusca,2010-09-27,E3.2,Lh
Gymnopus,Gymnopus peronatus,2010-09-27,E3.2,St
Lepiota,Lepiota sp.,2010-09-27,E3.2,St
Lepiota,Lepiota sp.,2010-09-27,E3.2,St
Psathyrella,Psathyrella sp.,2010-09-27,E3.2,St
Psathyrella,Psathyrella sp.,2010-09-27,E3.2,St
Tapinella,Tapinella panuoides,2010-09-27,E3.2,Le
Stropharia,Stropharia sp.,2010-09-27,A2.6,Hu
Mycena,Mycena galericulata,2010-09-28,UW1.1,Le
Psathyrella,Psathyrella sp.,2010-09-28,UW1.1,Le
Lepiota,Lepiota cristata,2010-09-28,UW1.1,Hu
Psathyrella,Psathyrella sp.,2010-09-28,UW1.1,St
Mycena,Mycena sp.,2010-09-28,UW1.1,Lh
Mycena,Mycena vitilis,2010-09-28,UW1.1,Lh
Psathyrella,Psathyrella sp.,2010-09-28,UW1.1,Le
Megacollybia,Megacollybia platyphylla,2010-09-28,UW1.1,Lh
Lyophyllum,Lyophyllum sp.,2010-09-28,UW1.1,Hu
Mycena,Mycena renati,2010-09-28,UW1.1,Le
Crepidotus,Crepidotus caspari,2010-09-28,UW1.1,Le
Lyophyllum,Lyophyllum sp.,2010-09-28,UW1.1,Hu
Mycena,Mycena rosea,2010-09-28,UW1.1,St
Rhodocollybia,Rhodocollybia butyracea f. asema,2010-09-28,UW1.1,St
Gymnopus,Gymnopus dryophilus,2010-09-28,UW1.1,St
Psathyrella,Psathyrella sp.,2010-09-28,UW1.1,Lh
Mycena,Mycena galericulata,2010-09-28,UW1.1,Le
Mycena,Mycena inclinata,2010-09-28,UW1.1,Le
Mycena,Mycena vitilis,2010-09-28,UW1.1,Lh
Coprinopsis,Coprinopsis picacea,2010-09-28,UW1.1,Hu
Entoloma,Entoloma sp.,2010-09-28,UW1.1,Mr
Psathyrella,Psathyrella sp.,2010-09-28,UW1.1,Lh
Mycena,Mycena galericulata,2010-09-28,UW1.1,Le
Agaricus,Agaricus xantholepis,2010-09-28,UW1.1,Hu
Mycena,Mycena rosea,2010-09-28,UW1.1,St
Entoloma,Entoloma sp.,2010-09-28,UW1.1,Mr
Agaricus,Agaricus xantholepis,2010-09-28,UW1.1,Hu
Crepidotus,Crepidotus mollis,2010-09-28,UW1.1,Le
Tubaria,Tubaria sp.,2010-09-28,UW1.1,Hu
Agaricus,Agaricus xantholepis,2010-09-28,UW1.1,Hu
Pluteus,Pluteus cervinus,2010-09-28,UW1.1,Le
Pluteus,Pluteus sp.,2010-09-28,UW1.1,Le
Pluteus,Pluteus sp.,2010-09-28,UW1.1,Le
Hydropus,Hydropus floccipes,2010-09-28,UW1.1,Le
Armillaria,Armillaria mellea,2010-09-28,UW1.1,Lh
Pluteus,Pluteus sp.,2010-09-28,UW1.1,Hu
Pluteus,Pluteus cervinus,2010-09-28,UW1.1,Le
Clitocybe,Clitocybe sp.,2010-09-28,UW1.1,St
Gymnopus,Gymnopus dryophilus,2010-09-28,UW1.1,St
Agaricus,Agaricus xantholepis,2010-09-28,UW1.1,Hu
Inocybe,Inocybe maculata,2010-09-28,UW1.1,Mr
Crepidotus,Crepidotus mollis,2010-09-28,UW1.1,Le
Mycena,Mycena galericulata,2010-09-28,UW1.1,Lh
Pluteus,Pluteus sp.,2010-09-28,UW1.1,Hu
Calocybe,Calocybe sp.,2010-09-28,UW1.1,St
Tubaria,Tubaria sp.,2010-09-28,UW1.1,Le
Mycena,Mycena renati,2010-09-28,UW1.1,Le
Clitocybe,Clitocybe odora,2010-09-28,UW1.1,St
Conocybe,Conocybe sp.,2010-09-28,UW1.1,Hu
Lepista,Lepista sordida,2010-09-28,UW1.1,Hu
Clitocybe,Clitocybe sp.,2010-09-28,UW1.1,St
Gymnopus,Gymnopus erythropus,2010-09-28,UW1.1,St
Flammulaster,Flammulaster sp.,2010-09-28,UW1.1,Le
Leucoagaricus,Leucoagaricus sp.,2010-09-28,UW1.1,Hu
Mycena,Mycena inclinata,2010-09-28,UW1.1,Le
Pluteus,Pluteus sp.,2010-09-28,UW1.1,Lh
Clitocybe,Clitocybe gibba,2010-09-28,UW1.1,St
Psathyrella,Psathyrella sp.,2010-09-28,UW1.1,Hu
Clitocybe,Clitocybe odora,2010-09-28,UW1.1,St
Gymnopus,Gymnopus erythropus,2010-09-28,UW1.1,St
Agaricus,Agaricus sp.,2010-09-28,UW1.1,Hu
Gymnopus,Gymnopus dryophilus,2010-09-28,UW1.1,St
Lepista,Lepista sordida,2010-09-28,UW1.1,St
Clitocybe,Clitocybe odora,2010-09-28,UW1.1,St
Pluteus,Pluteus romellii,2010-09-28,UW1.1,Le
Crepidotus,Crepidotus mollis,2010-09-28,UW1.1,Le
Lyophyllum,Lyophyllum sp.,2010-09-28,UW1.1,Hu
Leucoagaricus,Leucoagaricus sp.,2010-09-28,UW1.1,St
Agaricus,Agaricus xanthodermus,2010-09-28,UW1.1,Hu
Agaricus,Agaricus xanthodermus,2010-09-28,UW1.1,Hu
Marasmius,Marasmius oreades,2010-09-28,UW4.1,Hu
Chlorophyllum,Chlorophyllum rachodes,2010-09-29,E3.2,St
Lepiota,Lepiota subincarnata,2010-09-29,E3.2,St
Gymnopus,Gymnopus dryophilus,2010-09-29,E3.2,St
Volvariella,Volvariella sp.,2010-09-29,E3.2,Hu
Lepiota,Lepiota sp.,2010-09-29,E3.2,St
Pluteus,Pluteus cervinus,2010-09-29,E3.2,Lh
Coprinellus,Coprinellus disseminatus,2010-09-29,E3.2,Lh
Cystolepiota,Cystolepiota seminuda,2010-09-29,E3.2,St
Clitocybe,Clitocybe sp.,2010-09-29,E3.2,Co
Gymnopus,Gymnopus dryophilus,2010-09-29,E3.2,St
Simocybe,Simocybe sumptuosa,2010-09-29,E3.2,Le
Amanita,Amanita pantherina,2010-09-29,E3.2,Mr
Amanita,Amanita pantherina,2010-09-29,UW1.1,Mr
Crepidotus,Crepidotus mollis,2010-09-29,UW1.1,Le
Macrolepiota,Macrolepiota procera,2010-09-29,UW1.1,Hu
Amanita,Amanita muscaria var. formosa,2010-09-29,UW1.1,Mr
Amanita,Amanita sp.,2010-09-29,UW1.1,Mr
Macrolepiota,Macrolepiota excoriata,2010-10-02,A2.7,Hu
Marasmius,Marasmius oreades,2010-10-02,A2.7,Hu
Leucoagaricus,Leucoagaricus leucothites,2010-10-02,A2.7,Hu
Stropharia,Stropharia coronilla,2010-10-02,A2.7,Hu
Agrocybe,Agrocybe sp.,2010-10-02,A2.7,Hu
Tubaria,Tubaria sp.,2010-10-02,A2.7,Hu
Hemimycena,Hemimycena delectabilis,2010-10-02,A2.7,He
Panaeolus,Panaeolus sp.,2010-10-02,A2.7,Hu
Conocybe,Conocybe sp.,2010-10-02,IF1.2,Hu
Hebeloma,Hebeloma sp.,2010-10-02,IF1.2,Mr
Pluteus,Pluteus sp.,2010-10-02,IF1.2,Le
Agaricus,Agaricus sp.,2010-10-02,IF2.2,Hu
Crinipellis,Crinipellis scabella,2010-10-02,IF2.2,He
Tubaria,Tubaria sp.,2010-10-02,IF2.2,Hu
Tubaria,Tubaria sp.,2010-10-02,A2.1,Hu
Tubaria,Tubaria sp.,2010-10-02,IF2.2,Hu
Hemimycena,Hemimycena ignobilis,2010-10-02,IF2.2,Hu
Agaricus,Agaricus sp.,2010-10-02,IF2.2,Hu
Marasmius,Marasmius oreades,2010-10-02,IF2.2,Hu
Rickenella,Rickenella fibula,2010-10-02,IF2.2,M
Macrolepiota,Macrolepiota excoriata,2010-10-02,IF2.2,Hu
Agaricus,Agaricus sp.,2010-10-02,IF2.2,Hu
Rickenella,Rickenella fibula,2010-10-02,IF2.2,M
Marasmius,Marasmius oreades,2010-10-02,IF2.2,Hu
Leucoagaricus,Leucoagaricus leucothites,2010-10-02,IF2.2,Hu
Stropharia,Stropharia coronilla,2010-10-02,IF2.2,Hu
Macrolepiota,Macrolepiota excoriata,2010-10-02,IF2.2,Hu
Agaricus,Agaricus sp.,2010-10-02,IF2.2,Hu
Marasmius,Marasmius sp.,2010-10-03,A2.7,He
Agaricus,Agaricus sp.,2010-10-03,IF2.2,Hu
Stropharia,Stropharia coronilla,2010-10-03,IF2.2,Hu
Hemimycena,Hemimycena ignobilis,2010-10-03,IF2.2,Hu
Cortinarius,Cortinarius sp.,2010-10-03,IF1.1,Mr
Tricholoma,Tricholoma equestre,2010-10-03,IF1.1,Mr
Russula,Russula sp.,2010-10-03,IF1.1,Mr
Tricholoma,Tricholoma scalpturatum,2010-10-03,IF1.1,Mr
Mycena,Mycena pura,2010-10-03,IF1.1,St
Mycena,Mycena vitilis,2010-10-03,IF1.1,Lh
Crepidotus,Crepidotus mollis,2010-10-03,IF1.1,Le
Hebeloma,Hebeloma sp.,2010-10-03,IF1.1,Mr
Inocybe,Inocybe sp.,2010-10-03,IF1.1,Mr
Inocybe,Inocybe sp.,2010-10-03,IF1.1,Mr
Inocybe,Inocybe sp.,2010-10-03,IF1.1,Mr
Stropharia,Stropharia aeruginosa,2010-10-03,IF1.1,Mr
Cortinarius,Cortinarius sp.,2010-10-03,IF1.1,Mr
Cortinarius,Cortinarius sp.,2010-10-03,IF1.1,Mr
Inocybe,Inocybe geophylla var. lilacina,2010-10-03,IF1.1,Mr
Mycena,Mycena sp.,2010-10-03,IF1.1,St
Gymnopus,Gymnopus peronatus,2010-10-03,IF1.1,St
Armillaria,Armillaria mellea,2010-10-03,IF1.1,Lh
Inocybe,Inocybe geophylla var. lilacina,2010-10-03,IF1.1,Mr
Mycena,Mycena galericulata,2010-10-03,IF1.1,Le
Megacollybia,Megacollybia platyphylla,2010-10-03,IF1.1,Lh
Entoloma,Entoloma araneosum f. fulvostrigosum,2010-10-03,IF1.1,Mr
Mycena,Mycena metata,2010-10-03,IF1.1,St
Mycena,Mycena polygramma,2010-10-03,IF1.1,Le
Mycena,Mycena rosea,2010-10-03,IF1.1,St
Inocybe,Inocybe geophylla var. lilacina,2010-10-03,IF1.1,Mr
Inocybe,Inocybe maculata,2010-10-03,IF1.1,Mr
Inocybe,Inocybe maculata,2010-10-03,IF1.1,Mr
Hypholoma,Hypholoma fasciculare,2010-10-03,IF1.1,Le
Cortinarius,Cortinarius sp.,2010-10-03,IF1.1,Mr
Cortinarius,Cortinarius sp.,2010-10-03,IF1.1,Mr
Cortinarius,Cortinarius sp.,2010-10-03,IF1.1,Mr
Boletus,Boletus edulis,2010-10-04,T1.2,Mr
Mycena,Mycena galericulata,2010-10-05,FP2.2,Le
Mycena,Mycena inclinata,2010-10-05,FP2.2,Le
Lepista,Lepista flaccida,2010-10-05,T1.2,St
Amanita,Amanita pantherina,2010-10-05,T1.2,Mr
Amanita,Amanita muscaria var. formosa,2010-10-05,T2.1,Mr
Rhodocollybia,Rhodocollybia butyracea f. asema,2010-10-05,T2.1,St
Mycena,Mycena aetites,2010-10-05,T1.2,St
Mycena,Mycena pseudocorticola,2010-10-05,T2.3,Co
Gymnopus,Gymnopus fusipes,2010-10-05,T2.3,Lh
Clitocybe,Clitocybe sp.,2010-10-05,T2.3,St
Amanita,Amanita muscaria var. formosa,2010-10-05,T2.1,Mr
Inocybe,Inocybe mixtilis,2010-10-05,T2.1,Hu
Cystoderma,Cystoderma sp.,2010-10-05,T2.1,Hu
Imleria,Imleria badia,2010-10-05,T2.1,Mr
Amanita,Amanita rubescens,2010-10-05,T2.1,Mr
Gymnopus,Gymnopus erythropus,2010-10-05,FP2.3,St
Mycena,Mycena rosea,2010-10-05,FP2.3,St
Tapinella,Tapinella panuoides,2010-10-05,T2.1,Le
Clitocybe,Clitocybe sp.,2010-10-05,FP2.3,St
Tubaria,Tubaria sp.,2010-10-05,FP1.6,He
Hypholoma,Hypholoma fasciculare,2010-10-05,T2.3,Str
Lactarius,Lactarius camphoratus,2010-10-05,T2.3,Mr
Chlorophyllum,Chlorophyllum rachodes,2010-10-05,T2.3,Hu
Tricholoma,Tricholoma sp.,2010-10-05,T2.3,Mr
Cortinarius,Cortinarius sp.,2010-10-05,T2.3,Mr
Clitocybe,Clitocybe sp.,2010-10-05,T2.3,Hu
Amanita,Amanita vaginata,2010-10-05,T2.3,Mr
Russula,Russula sp.,2010-10-05,T2.3,Mr
Lepista,Lepista nebularis,2010-10-05,T2.3,Hu
Chlorophyllum,Chlorophyllum rachodes,2010-10-05,T2.3,Hu
Clitocybe,Clitocybe sp.,2010-10-05,T2.3,Hu
Gymnopus,Gymnopus erythropus,2010-10-05,T2.3,St
Mycena,Mycena inclinata,2010-10-05,T9,Le
Amanita,Amanita phalloides,2010-10-05,T9,Mr
Amanita,Amanita pantherina,2010-10-05,T9,Mr
Hypholoma,Hypholoma lateritium,2010-10-05,T9,Le
Mycena,Mycena aff. galericulata,2010-10-05,T9,Lh
Gymnopus,Gymnopus erythropus,2010-10-05,T9,St
Mycena,Mycena rosea,2010-10-05,T9,St
Hypholoma,Hypholoma fasciculare,2010-10-05,T9,Le
Gymnopus,Gymnopus peronatus,2010-10-05,T9,St
Chlorophyllum,Chlorophyllum rachodes,2010-10-05,T1.2,Hu
Chlorophyllum,Chlorophyllum rachodes,2010-10-05,T1.2,Hu
Boletus,Boletus edulis,2010-10-05,T9,Mr
Amanita,Amanita phalloides,2010-10-05,T9,Mr
Lactarius,Lactarius deliciosus,2010-10-05,T2.1,Mr
Amanita,Amanita muscaria var. formosa,2010-10-06,T1.2,Mr
Chlorophyllum,Chlorophyllum rachodes,2010-10-11,T1.2,Hu
Marasmius,Marasmius oreades,2010-10-11,T6,Hu
Clitocybe,Clitocybe phyllophila,2010-10-11,T1.2,St
Chlorophyllum,Chlorophyllum rachodes,2010-10-11,T1.2,Hu
Gymnopilus,Gymnopilus penetrans,2010-10-11,T1.2,Le
Gymnopus,Gymnopus peronatus,2010-10-11,T1.2,St
Rhodocollybia,Rhodocollybia butyracea f. asema,2010-10-11,T1.2,St
Mycena,Mycena purpureofusca,2010-10-11,T1.2,Lh
Lepista,Lepista flaccida,2010-10-11,T1.2,St
Clitocybe,Clitocybe phyllophila,2010-10-11,T1.2,St
Clitocybe,Clitocybe sp.,2010-10-11,T1.2,St
Mycena,Mycena sp.,2010-10-11,T1.2,Lh
Stropharia,Stropharia aeruginosa,2010-10-11,T1.2,Hu
Gymnopus,Gymnopus androsaceus,2010-10-11,T1.2,St
Hebeloma,Hebeloma sp.,2010-10-11,T1.2,Mr
Chlorophyllum,Chlorophyllum rachodes,2010-10-11,T1.2,Hu
Hebeloma,Hebeloma sp.,2010-10-11,T1.2,Mr
Pluteus,Pluteus atromarginatus,2010-10-11,T1.2,Le
Clitocybe,Clitocybe phyllophila,2010-10-11,T1.2,St
Mycena,Mycena pura,2010-10-11,T1.2,St
Mycena,Mycena vitilis,2010-10-11,T1.2,Lh
Galerina,Galerina vittiformis,2010-10-11,T1.2,M
Mycena,Mycena purpureofusca,2010-10-11,T1.2,Lh
Rhodocollybia,Rhodocollybia butyracea f. butyracea,2010-10-11,T1.2,St
Hygrophorus,Hygrophorus sp.,2010-10-11,T1.2,Hu
Psilocybe,Psilocybe sp.,2010-10-11,T1.2,He
Mycena,Mycena leptocephala,2010-10-11,T1.2,St
Marasmius,Marasmius scorodonius,2010-10-11,T1.2,St
Lepista,Lepista flaccida,2010-10-11,T1.2,St
Clitocybe,Clitocybe phyllophila,2010-10-11,T1.2,St
Galerina,Galerina vittiformis,2010-10-11,T1.2,M
Cystoderma,Cystoderma sp.,2010-10-11,T1.2,St
Gymnopilus,Gymnopilus penetrans,2010-10-11,T1.2,Lh
Amanita,Amanita phalloides,2010-10-11,T3.1,Mr
Amanita,Amanita muscaria var. formosa,2010-10-11,T3.1,Mr
Gymnopilus,Gymnopilus penetrans,2010-10-11,T7.1,Lh
Myxomphalia,Myxomphalia maura,2010-10-11,T7.1,Hu
Amanita,Amanita muscaria var. formosa,2010-10-11,T2.4,Mr
Tricholoma,Tricholoma sp.,2010-10-11,T2.1,Mr
Laccaria,Laccaria proxima,2010-10-11,T2.1,Mr
Galerina,Galerina vittiformis,2010-10-11,T2.1,M
Amanita,Amanita phalloides,2010-10-11,T2.1,Mr
Cystoderma,Cystoderma sp.,2010-10-11,T2.1,Hu
Amanita,Amanita muscaria var. formosa,2010-10-11,T2.1,Mr
Amanita,Amanita pantherina,2010-10-11,T2.1,Mr
Clitocybe,Clitocybe sp.,2010-10-11,T2.1,St
Clitocybe,Clitocybe sp.,2010-10-11,T2.3,St
Rhodocollybia,Rhodocollybia butyracea f. butyracea,2010-10-11,T2.3,St
Clitocybe,Clitocybe phyllophila,2010-10-11,T2.3,St
Chlorophyllum,Chlorophyllum rachodes,2010-10-11,T2.3,Hu
Hebeloma,Hebeloma sp.,2010-10-11,T2.3,Mr
Xerocomellus,Xerocomellus chrysenteron,2010-10-11,T2.3,Mr
Leucocortinarius,Leucocortinarius bulbiger,2010-10-17,UW1.3,Mr
Agaricus,Agaricus sp.,2010-10-17,UW1.3,Hu
Rhodocollybia,Rhodocollybia butyracea f. asema,2010-10-17,UW1.3,St
Marasmius,Marasmius oreades,2010-10-18,FP1.4,Hu
Lepista,Lepista nuda,2010-10-18,UW5.1,Hu
Hebeloma,Hebeloma sp.,2010-10-18,UW5.1,Hu
Chlorophyllum,Chlorophyllum rachodes,2010-10-18,FP1.4,Hu
Agaricus,Agaricus sp.,2010-10-18,FP1.4,Hu
Lentinus,Lentinus tigrinus,2010-10-18,FP2.2,Le
Conocybe,Conocybe sp.,2010-10-18,FP2.2,Hu
Xerocomus,Xerocomus sp.,2010-10-23,UW1.2,Mr
Marasmius,Marasmius oreades,2010-10-23,A2.7,Hu
Agaricus,Agaricus sp.,2010-10-23,FP3.2,Hu
Agaricus,Agaricus sp.,2010-10-23,FP3.2,Hu
Psathyrella,Psathyrella sp.,2010-10-23,A2.7,Hu
Pholiota,Pholiota sp.,2010-10-24,FP2.1,Le
Mycena,Mycena vitilis,2010-10-24,FP2.2,Lh
Pluteus,Pluteus sp.,2010-10-24,FP2.2,Le
Hemimycena,Hemimycena sp.,2010-10-24,FP2.2,Le
Mycena,Mycena galericulata,2010-10-24,FP2.2,Le
Mycena,Mycena vitilis,2010-10-24,FP2.2,Lh
Mycena,Mycena inclinata,2010-10-24,FP2.2,Le
Xerula,Xerula pudens,2010-10-24,FP2.2,Lh
Mycena,Mycena polygramma,2010-10-24,FP2.2,Lh
Mycena,Mycena inclinata,2010-10-24,FP2.2,Le
Tubaria,Tubaria furfuracea,2010-10-24,FP2.2,Le
Gymnopus,Gymnopus peronatus,2010-10-24,FP2.2,St
Hemimycena,Hemimycena candida,2010-10-24,FP2.2,He
Flammulina,Flammulina velutipes,2010-10-24,FP2.2,Le
Pleurotus,Pleurotus ostreatus,2010-10-24,FP2.2,Le
Pholiota,Pholiota sp.,2010-10-24,FP2.2,Le
Rhodocybe,Rhodocybe sp.,2010-10-24,UW5.2,Hu
Xerocomus,Xerocomus sp.,2010-10-24,UW5.2,Mr
Tubaria,Tubaria sp.,2010-10-24,UW5.3,Hu
Crinipellis,Crinipellis scabella,2010-10-24,UW5.3,He
Galerina,Galerina sp.,2010-10-25,UW5.3,Hu
Mycena,Mycena sp.,2010-10-25,UW5.4,Le
Mycena,Mycena vitilis,2010-10-25,UW1.2,Lh
Psathyrella,Psathyrella sp.,2010-10-25,UW1.2,Lh
Mycena,Mycena vitilis,2010-10-25,UW1.2,Lh
Mycena,Mycena polygramma,2010-10-25,UW1.2,Lh
Rhodocollybia,Rhodocollybia butyracea f. asema,2010-10-25,UW1.2,St
Mycena,Mycena polygramma,2010-10-25,UW1.2,Lh
Gymnopus,Gymnopus dryophilus,2010-10-25,UW1.2,St
Mycena,Mycena sp.,2010-10-25,UW1.2,Le
Tubaria,Tubaria furfuracea,2010-10-31,A2.1,Hu
Mycena,Mycena polygramma,2010-10-31,UW1.3,Lh
Mycena,Mycena vitilis,2010-10-31,UW1.3,Lh
Rhodocollybia,Rhodocollybia butyracea f. asema,2010-10-31,UW1.3,St
Gymnopus,Gymnopus dryophilus,2010-10-31,UW1.3,St
Mycena,Mycena galericulata,2010-10-31,UW1.3,Le
Gymnopus,Gymnopus erythropus,2010-10-31,UW1.3,St
Clitocybe,Clitocybe sp.,2010-10-31,UW1.3,St
Marasmius,Marasmius sp.,2010-10-31,UW1.3,Fd
Lepista,Lepista sordida,2010-10-31,UW1.3,St
Gymnopus,Gymnopus erythropus,2010-10-31,UW1.3,St
Mycena,Mycena inclinata,2010-10-31,UW1.3,Le
Hemimycena,Hemimycena ignobilis,2010-10-31,A2.6,M
Stropharia,Stropharia coronilla,2010-10-31,A2.7,Hu
Marasmius,Marasmius oreades,2010-10-31,IF2.2,Hu
Clitocybe,Clitocybe sp.,2010-10-31,UW1.3,St
Marasmius,Marasmius oreades,2010-11-01,T1.2,Hu
Mycena,Mycena metata,2010-11-01,T1.2,St
Mycena,Mycena purpureofusca,2010-11-01,T1.2,Co
Rhodocollybia,Rhodocollybia butyracea f. asema,2010-11-01,T1.2,St
Baeospora,Baeospora myosura,2010-11-01,T1.2,Str
Clitocybe,Clitocybe sp.,2010-11-01,T1.2,St
Gymnopilus,Gymnopilus penetrans,2010-11-01,T1.2,Le
Galerina,Galerina sideroides,2010-11-01,T1.2,Le
Clitocybe,Clitocybe sp.,2010-11-01,T1.2,St
Mycena,Mycena inclinata,2010-11-01,T1.2,Lh
Mycena,Mycena rosea,2010-11-01,T1.2,St
Mycena,Mycena purpureofusca,2010-11-01,T1.2,Le
Lyophyllum,Lyophyllum sp.,2010-11-01,T1.2,St
Gymnopilus,Gymnopilus sp.,2010-11-01,T1.2,Le
Clitocybe,Clitocybe sp.,2010-11-01,T1.2,St
Hebeloma,Hebeloma sp.,2010-11-01,T1.2,Hu
Galerina,Galerina sp.,2010-11-01,T1.2,M
Laccaria,Laccaria proxima,2010-11-01,T1.2,Mr
Clitocybe,Clitocybe metachroa,2010-11-01,T1.2,St
Lepista,Lepista flaccida,2010-11-01,T1.2,St
Rickenella,Rickenella fibula,2010-11-01,T1.2,M
Chlorophyllum,Chlorophyllum rachodes,2010-11-01,T1.2,Hu
Lyophyllum,Lyophyllum sp.,2010-11-01,A2.6,Hu
Stropharia,Stropharia aeruginosa,2010-11-02,UW3.3,Hu
Mycena,Mycena inclinata,2010-11-02,UW1.1,Lh
Mycena,Mycena polygramma,2010-11-02,UW1.1,Lh
Mycena,Mycena sp.,2010-11-02,UW1.1,St
Psathyrella,Psathyrella sp.,2010-11-02,UW1.1,Le
Tubaria,Tubaria furfuracea,2010-11-02,UW1.1,Le
Mycena,Mycena galericulata,2010-11-02,UW1.1,Le
Clitocybe,Clitocybe sp.,2010-11-02,UW1.1,St
Clitocybe,Clitocybe sp.,2010-11-02,UW1.1,St
Clitocybe,Clitocybe sp.,2010-11-02,UW1.1,St
Clitocybe,Clitocybe sp.,2010-11-02,UW1.1,St
Clitocybe,Clitocybe sp.,2010-11-02,UW1.1,Lh
Psathyrella,Psathyrella sp.,2010-11-02,UW1.1,Hu
Armillaria,Armillaria mellea,2010-11-02,UW1.1,Lh
Mycena,Mycena polygramma,2010-11-02,UW1.1,Lh
Entoloma,Entoloma sp.,2010-11-02,UW1.1,Mr
Galerina,Galerina marginata,2010-11-02,UW1.1,Le
Pseudoclitocybe,Pseudoclitocybe cyathiformis,2010-11-02,UW1.1,Hu
Inocybe,Inocybe sp.,2010-11-02,UW1.1,Mr
Entoloma,Entoloma tjallingiorum,2010-11-02,UW1.1,Co
Pholiota,Pholiota tuberculosa,2010-11-02,UW1.1,Le
Mycena,Mycena galericulata,2010-11-02,UW1.1,Lh
Mycena,Mycena polygramma,2010-11-02,UW1.1,Lh
Mycena,Mycena vitilis,2010-11-02,UW1.1,Lh
Pholiota,Pholiota sp.,2010-11-02,UW1.1,Hu
Inocybe,Inocybe maculata,2010-11-02,UW1.1,Mr
Armillaria,Armillaria lutea,2010-11-02,UW1.1,Lh
Pseudoclitocybe,Pseudoclitocybe cyathiformis,2010-11-02,UW3.3,Hu
Hebeloma,Hebeloma sp.,2010-11-02,UW3.3,Hu
Flammulina,Flammulina velutipes,2010-11-06,UW1.1,Le
Psathyrella,Psathyrella sp.,2010-11-06,UW1.1,St
Rickenella,Rickenella fibula,2010-11-06,T9,M
Crepidotus,Crepidotus epibryus,2010-11-06,T9,Fd
Mycena,Mycena vitilis,2010-11-06,T9,Lh
Mycena,Mycena sp.,2010-11-06,T9,St
Clitocybe,Clitocybe sp.,2010-11-06,T9,Le
Stropharia,Stropharia aeruginosa,2010-11-06,T9,Hu
Mycena,Mycena galericulata,2010-11-06,T9,Le
Hebeloma,Hebeloma sp.,2010-11-06,T9,Mr
Clitocybe,Clitocybe clavipes,2010-11-06,T9,St
Armillaria,Armillaria mellea,2010-11-06,T9,Le
Flammulina,Flammulina velutipes,2010-11-06,T9,Le
Mycena,Mycena polyadelpha,2010-11-06,UW1.1,Fd
Marasmius,Marasmius bulliardii,2010-11-06,UW1.1,Fd
Mycena,Mycena sp.,2010-11-06,UW1.1,St
Resupinatus,Resupinatus applicatus,2010-11-06,UW1.1,Le
Lepista,Lepista flaccida,2010-11-06,UW1.1,St
Armillaria,Armillaria lutea,2010-11-06,UW1.1,Le
Mycena,Mycena polygramma,2010-11-06,UW1.1,Lh
Naucoria,Naucoria sp.,2010-11-06,UW1.1,Le
Mycena,Mycena polyadelpha,2010-11-06,UW1.1,Fd
Mycena,Mycena inclinata,2010-11-06,UW1.1,Le
Xerocomellus,Xerocomellus chrysenteron,2010-11-06,T1.2,Mr
Psathyrella,Psathyrella sp.,2010-11-06,T1.2,Hu
Mycena,Mycena polygramma,2010-11-06,T1.2,Lh
Laccaria,Laccaria laccata,2010-11-06,T1.2,Mr
Rhodocollybia,Rhodocollybia butyracea f. asema,2010-11-06,T1.2,St
Mycena,Mycena epipterygia var. viscosa,2010-11-06,T1.2,St
Cystoderma,Cystoderma amianthinum,2010-11-06,T1.2,St
Armillaria,Armillaria mellea,2010-11-06,UW1.5,Le
Russula,Russula sp.,2010-11-06,UW1.5,Mr
Crepidotus,Crepidotus subverrucisporus,2010-11-06,UW1.5,Le
Mycena,Mycena inclinata,2010-11-06,UW1.5,Le
Hypholoma,Hypholoma fasciculare,2010-11-06,UW1.5,Le
Mycena,Mycena meliigena,2010-11-06,UW1.5,Co
Mycena,Mycena vitilis,2010-11-06,UW1.5,Lh
Panellus,Panellus stipticus,2010-11-06,UW1.5,Le
Mycena,Mycena polyadelpha,2010-11-06,UW1.5,Fd
Mycena,Mycena polyadelpha,2010-11-06,UW1.5,Fd
Mycena,Mycena sp.,2010-11-06,UW1.1,St
Pluteus,Pluteus sp.,2010-11-06,UW1.1,Le
Mycena,Mycena vitilis,2010-11-06,UW1.1,Lh
Armillaria,Armillaria mellea,2010-11-06,UW1.1,Le
Pleurotus,Pleurotus ostreatus,2010-11-06,UW1.1,Le
Armillaria,Armillaria mellea,2010-11-06,UW1.1,Le
Mycena,Mycena polygramma,2010-11-06,UW1.1,Lh
Pseudoclitocybe,Pseudoclitocybe cyathiformis,2010-11-06,UW1.1,Hu
Mycena,Mycena galericulata,2010-11-06,UW1.1,Le
Clitocybe,Clitocybe marginella,2010-11-06,UW1.1,St
Armillaria,Armillaria mellea,2010-11-06,UW1.1,Le
Mycena,Mycena inclinata,2010-11-06,UW1.1,Le
Mycena,Mycena galericulata,2010-11-06,UW1.1,Le
Mycena,Mycena vitilis,2010-11-06,UW1.1,Lh
Mycena,Mycena polyadelpha,2010-11-06,UW1.1,Fd
Laccaria,Laccaria laccata,2010-11-06,T2.4,Mr
Mycena,Mycena vitilis,2010-11-06,T2.4,Lh
Gymnopus,Gymnopus sp.,2010-11-06,T2.4,Lh
Pluteus,Pluteus pouzarianus,2010-11-06,T2.4,Le
Galerina,Galerina sideroides,2010-11-06,T2.4,Le
Clitocybe,Clitocybe sp.,2010-11-06,T2.4,St
Laccaria,Laccaria laccata,2010-11-06,T2.4,Mr
Hygrophoropsis,Hygrophoropsis aurantiaca,2010-11-06,T2.4,Hu
Galerina,Galerina sideroides,2010-11-06,T2.4,Le
Laccaria,Laccaria laccata,2010-11-06,T2.4,Mr
Mycena,Mycena purpureofusca,2010-11-06,T2.4,St
Mycena,Mycena vitilis,2010-11-06,T2.4,Lh
Mycena,Mycena sp.,2010-11-06,T2.4,Le
Chlorophyllum,Chlorophyllum rachodes,2010-11-06,FP2.3,St
Mycena,Mycena galericulata,2010-11-06,FP2.3,Le
Hebeloma,Hebeloma sp.,2010-11-06,FP2.3,Mr
Mycena,Mycena sp.,2010-11-06,FP2.3,Co
Galerina,Galerina sp.,2010-11-06,FP2.3,St
Pleurotus,Pleurotus ostreatus,2010-11-06,UW2.1,Le
Armillaria,Armillaria mellea,2010-11-06,UW2.1,Le
Mycena,Mycena galericulata,2010-11-06,UW2.1,Le
Flammulina,Flammulina velutipes,2010-11-06,UW2.1,Le
Galerina,Galerina sp.,2010-11-06,UW2.1,St
Mycena,Mycena polygramma,2010-11-06,UW2.1,Lh
Chlorophyllum,Chlorophyllum rachodes,2010-11-06,UW2.1,Hu
Crepidotus,Crepidotus mollis,2010-11-06,UW2.1,Le
Crepidotus,Crepidotus mollis,2010-11-06,UW2.1,Le
Panellus,Panellus stipticus,2010-11-06,UW2.1,Le
Pleurotus,Pleurotus pulmonarius,2010-11-06,UW2.1,Le
Crepidotus,Crepidotus mollis,2010-11-06,UW2.1,Le
Pleurotus,Pleurotus ostreatus,2010-11-06,UW2.1,Le
Lepiota,Lepiota cristata,2010-11-06,UW2.1,St
Mycena,Mycena vitilis,2010-11-06,UW2.1,Lh
Mycena,Mycena polyadelpha,2010-11-06,UW1.3,Fd
Mycena,Mycena polyadelpha,2010-11-06,UW1.3,Fd
Marasmius,Marasmius bulliardii,2010-11-06,UW1.3,Fd
Crepidotus,Crepidotus epibryus,2010-11-06,UW1.3,He
Hygrophorus,Hygrophorus eburneus,2010-11-06,UW1.3,Mr
Mycena,Mycena inclinata,2010-11-06,UW1.3,Le
Mycena,Mycena vitilis,2010-11-06,UW1.3,Lh
Mycena,Mycena polyadelpha,2010-11-06,UW1.3,Fd
Agaricus,Agaricus sp.,2010-11-06,UW1.3,Hu
Clitocybe,Clitocybe sp.,2010-11-06,UW1.3,St
Cortinarius,Cortinarius sp.,2010-11-06,UW1.1,Mr
Mycena,Mycena inclinata,2010-11-06,UW1.3,Le
Pseudoclitocybe,Pseudoclitocybe cyathiformis,2010-11-06,UW1.3,Hu
Mycena,Mycena polygramma,2010-11-06,UW1.3,Lh
Mycena,Mycena vitilis,2010-11-06,UW1.3,Lh
Resupinatus,Resupinatus applicatus,2010-11-06,UW1.3,Le
Mycena,Mycena polyadelpha,2010-11-06,UW1.3,Fd
Crepidotus,Crepidotus mollis,2010-11-06,UW1.3,Le
Entoloma,Entoloma tjallingiorum,2010-11-06,UW1.3,Hu
Mycena,Mycena purpureofusca,2010-11-15,T2.4,Lh
Hypholoma,Hypholoma lateritium,2010-11-15,T2.4,Lh
Mycena,Mycena polygramma,2010-11-15,T2.4,Lh
Galerina,Galerina sideroides,2010-11-15,T2.4,St
Clitocybe,Clitocybe metachroa,2010-11-15,T2.4,St
Hygrophorus,Hygrophorus arbustivus,2010-11-21,UW1.3,Mr
Rhodocollybia,Rhodocollybia butyracea f. asema,2010-11-25,T2.3,St
Clitocybe,Clitocybe metachroa,2010-11-25,T2.3,St
Mycena,Mycena purpureofusca,2010-11-25,T2.3,Le
Hygrophorus,Hygrophorus hyphotejus,2010-11-25,T2.3,Mr
Imleria,Imleria badia,2010-11-25,T2.3,Mr
Russula,Russula sp.,2010-11-25,T2.3,Mr
Mycena,Mycena metata,2010-11-25,T2.3,St
Cystodermella,Cystodermella cinnabarina,2010-11-25,T2.3,Hu
Baeospora,Baeospora myosura,2010-11-25,T2.1,Str
Clitocybe,Clitocybe marginella,2010-11-25,T2.1,St
Galerina,Galerina vittiformis,2010-11-25,T2.1,M
Psilocybe,Psilocybe montana,2010-11-25,T2.1,M
Laccaria,Laccaria laccata,2010-11-25,T2.1,Mr
Gymnopus,Gymnopus androsaceus,2010-11-25,T2.1,Fd
Mycena,Mycena metata,2010-11-25,T2.1,St
Clitopilus,Clitopilus caelatus,2010-11-25,T2.1,Hu
Xeromphalina,Xeromphalina cauticinalis var. subfellea,2010-11-25,T2.1,Str
Mycena,Mycena epipterygia var. viscosa,2010-11-25,T2.1,St
Mycena,Mycena metata,2010-11-25,T2.1,St
Mycena,Mycena purpureofusca,2010-11-25,T2.1,Le
Hebeloma,Hebeloma sp.,2010-11-25,T2.1,Mr
Lepista,Lepista nebularis,2010-11-25,T2.1,St
Rhodocollybia,Rhodocollybia butyracea f. asema,2010-11-25,T2.3,St
Laccaria,Laccaria laccata,2010-11-25,T2.3,Mr
Psilocybe,Psilocybe montana,2010-11-25,T2.3,M
Clitocybe,Clitocybe marginella,2010-11-25,T2.3,St
Clitocybe,Clitocybe metachroa,2010-11-25,T2.3,St
Mycena,Mycena metata,2010-11-25,T2.3,St
Mycena,Mycena epipterygia var. viscosa,2010-11-25,T2.3,Lh
Mycena,Mycena metata,2010-11-25,T2.3,St
Rhodocollybia,Rhodocollybia butyracea f. butyracea,2010-11-25,T2.3,St
Clitocybe,Clitocybe marginella,2010-11-25,T2.3,St
Mycena,Mycena purpureofusca,2010-11-25,T2.3,Lh
Rhodocollybia,Rhodocollybia butyracea f. asema,2010-11-25,T2.3,St
Clitocybe,Clitocybe marginella,2010-11-25,T2.3,St
Gymnopus,Gymnopus putillus,2010-11-25,T2.3,St
Mycena,Mycena epipterygia var. viscosa,2010-11-25,T2.4,St
Mycena,Mycena purpureofusca,2010-11-25,T2.4,Le
Rhodocollybia,Rhodocollybia butyracea f. asema,2010-11-25,T2.4,St
Mycena,Mycena metata,2010-11-25,T2.4,St
Marasmius,Marasmius scorodonius,2010-11-25,T2.4,St
Clitocybe,Clitocybe marginella,2010-11-25,T2.4,St
Gymnopilus,Gymnopilus penetrans,2010-11-25,T2.4,Le
Myxomphalia,Myxomphalia maura,2010-11-25,T7.1,Ca
Rickenella,Rickenella fibula,2010-11-25,T7.5,M
Psilocybe,Psilocybe montana,2010-11-25,T7.5,Hu
Marasmius,Marasmius scorodonius,2010-11-25,T7.5,St
Psilocybe,Psilocybe montana,2010-11-25,T7.2,Hu
Marasmius,Marasmius oreades,2010-11-25,T7.2,St
Marasmius,Marasmius scorodonius,2010-11-25,T7.2,St
Imleria,Imleria badia,2010-11-25,T1.2,Mr
Gymnopus,Gymnopus peronatus,2010-11-25,T1.2,St
Clitocybe,Clitocybe metachroa,2010-11-25,T1.2,St
Mycena,Mycena epipterygia var. viscosa,2010-11-25,T1.2,St
Cystodermella,Cystodermella cinnabarina,2010-11-25,T1.2,St
Mycena,Mycena purpureofusca,2010-11-25,T1.2,Le
Mycena,Mycena metata,2010-11-25,T1.2,St
Baeospora,Baeospora myosura,2010-11-25,T1.2,Str
Mycena,Mycena inclinata,2010-11-25,T1.2,Le
Lepista,Lepista flaccida,2010-11-25,T1.2,St
Mycena,Mycena galericulata,2010-11-25,T7.4,Le
Mycena,Mycena purpureofusca,2010-11-25,T7.4,Le
Mycena,Mycena viridimarginata,2010-11-25,T7.4,Le
Hypholoma,Hypholoma lateritium,2010-11-25,T7.4,Le
Marasmius,Marasmius scorodonius,2010-11-25,T7.4,St
Clitocybe,Clitocybe sp.,2010-11-25,T1.2,St
Clitocybe,Clitocybe marginella,2010-11-25,T9,St
Lepista,Lepista flaccida,2010-11-25,T9,St
Hypholoma,Hypholoma lateritium,2010-11-25,T7.2,Lh
Hygrophorus,Hygrophorus sp.,2010-11-25,T9,Mr
Cortinarius,Cortinarius sp.,2010-11-25,T9,Mr
Mycena,Mycena polygramma,2010-11-25,T9,Lh
Mycena,Mycena inclinata,2010-11-25,T9,Lh
Mycena,Mycena pseudocorticola,2010-11-25,T9,Co
Mycena,Mycena inclinata,2010-11-25,T9,Le
Lepista,Lepista nebularis,2010-11-25,T9,St
Mycena,Mycena vitilis,2010-11-25,T9,Lh
Hypholoma,Hypholoma lateritium,2010-11-25,T9,Lh
Rhodocollybia,Rhodocollybia butyracea f. asema,2010-11-25,T9,St
Pleurotus,Pleurotus pulmonarius,2010-11-26,T3.1,Le
Gymnopus,Gymnopus peronatus,2010-11-26,T3.1,St
Marasmius,Marasmius scorodonius,2010-11-26,T3.1,St
Clitocybe,Clitocybe marginella,2010-11-26,T3.1,St
Hypholoma,Hypholoma fasciculare,2010-11-26,T3.1,Lh
Mycena,Mycena purpureofusca,2010-11-26,T1.1,Lh
Mycena,Mycena inclinata,2010-11-26,T1.1,Le
Mycena,Mycena metata,2010-11-26,T1.1,St
Gymnopus,Gymnopus androsaceus,2010-11-26,T1.1,Fd
Clitocybe,Clitocybe metachroa,2010-11-26,T1.1,St
Mycena,Mycena citrinomarginata,2010-11-26,T1.1,St
Hygrophorus,Hygrophorus hyphotejus,2010-11-26,T2.3,Mr
Mycena,Mycena sp.,2010-11-26,T2.1,St
Mycena,Mycena epipterygia var. viscosa,2010-11-26,T2.1,St
Mycena,Mycena metata,2010-11-26,T2.1,St
Gymnopus,Gymnopus androsaceus,2010-11-26,T2.1,Fd
Clitocybe,Clitocybe marginella,2010-11-26,T2.1,St
Rhodocollybia,Rhodocollybia butyracea f. asema,2010-11-26,T2.1,St
Mycena,Mycena purpureofusca,2010-11-26,T2.1,Lh
Clitocybe,Clitocybe phyllophila,2010-11-26,T2.1,St
Cortinarius,Cortinarius sp.,2010-11-26,T2.1,Mr
Psilocybe,Psilocybe montana,2010-11-26,T2.1,M
Mycena,Mycena metata,2010-11-26,T2.1,St
Rhodocollybia,Rhodocollybia butyracea f. butyracea,2010-11-26,T2.1,St
Galerina,Galerina marginata,2010-11-26,T2.1,Le
Hygrophorus,Hygrophorus hyphotejus,2010-11-26,T2.1,Mr
Clitocybe,Clitocybe phyllophila,2010-11-26,T2.1,St
Clitocybe,Clitocybe metachroa,2010-11-26,T2.3,St
Mycena,Mycena metata,2010-11-26,T2.3,St
Cortinarius,Cortinarius sp.,2010-11-26,T2.3,Mr
Lactarius,Lactarius camphoratus,2010-11-26,T2.3,Mr
Rhodocollybia,Rhodocollybia butyracea f. butyracea,2010-11-26,T2.3,St
Armillaria,Armillaria sp.,2010-11-26,FP2.3,Le
Coprinellus,Coprinellus domesticus,2010-11-26,FP2.3,Hu
Gymnopilus,Gymnopilus penetrans,2010-11-26,T2.3,St
Gymnopus,Gymnopus putillus,2010-11-26,T2.3,St
Mycena,Mycena metata,2010-11-26,T2.3,St
Clitocybe,Clitocybe metachroa,2010-11-26,T2.3,St
Tricholoma,Tricholoma equestre,2010-11-26,T2.3,Mr
Lactarius,Lactarius camphoratus,2010-11-26,T2.3,Mr
Mycena,Mycena purpureofusca,2010-11-26,T2.3,Lh
Clitocybe,Clitocybe marginella,2010-11-26,T2.3,St
Mycena,Mycena metata,2010-11-26,T2.3,St
Gymnopus,Gymnopus putillus,2010-11-26,T2.3,St
Galerina,Galerina marginata,2010-11-26,T2.3,St
Clitocybe,Clitocybe metachroa,2010-11-26,T2.3,St
Hygrophorus,Hygrophorus hyphotejus,2010-11-26,T2.3,Mr
Gymnopus,Gymnopus sp.,2010-11-26,T2.3,St
Clitocybe,Clitocybe marginella,2010-11-26,T2.3,St
Gymnopilus,Gymnopilus penetrans,2010-11-26,T2.3,Le
Mycena,Mycena metata,2010-11-26,T2.3,St
Rhodocollybia,Rhodocollybia butyracea f. butyracea,2010-11-26,T2.3,St
Gymnopus,Gymnopus androsaceus,2010-11-26,T2.3,Fd
Galerina,Galerina vittiformis,2010-11-26,T2.3,M
Mycena,Mycena metata,2010-11-26,T2.3,St
Galerina,Galerina marginata,2010-11-26,T2.3,Le
Lepista,Lepista flaccida,2010-11-26,T2.3,St
Gymnopus,Gymnopus sp.,2010-11-26,T2.3,St
Clitocybe,Clitocybe marginella,2010-11-26,T2.3,St
Gymnopus,Gymnopus androsaceus,2010-11-26,T2.3,Fd
Mycena,Mycena metata,2010-11-26,T2.4,St
Mycena,Mycena purpureofusca,2010-11-26,T2.4,Lh
Mycena,Mycena epipterygia var. viscosa,2010-11-26,T2.4,St
Gymnopus,Gymnopus androsaceus,2010-11-26,T2.4,Fd
Lepista,Lepista flaccida,2010-11-26,T2.4,St
Rhodocollybia,Rhodocollybia butyracea f. butyracea,2010-11-26,T2.4,St
Galerina,Galerina marginata,2010-11-26,T2.4,St
Rhodocollybia,Rhodocollybia butyracea f. asema,2010-11-26,T2.4,St
Clitocybe,Clitocybe sp.,2010-11-27,UW4.1,Hu
Tubaria,Tubaria sp.,2010-11-27,UW4.1,Hu
Rickenella,Rickenella fibula,2010-11-27,UW4.1,M
Conocybe,Conocybe sp.,2010-11-27,UW4.1,M
Tubaria,Tubaria furfuracea,2010-11-27,UW1.1,Le
Pleurotus,Pleurotus pulmonarius,2010-11-27,UW1.1,Le
Clitocybe,Clitocybe sp.,2010-11-27,UW1.1,Le
Tubaria,Tubaria furfuracea,2010-11-27,UW1.1,Le
Clitocybe,Clitocybe sp.,2010-11-27,UW1.1,St
Gymnopus,Gymnopus sp.,2010-11-27,UW1.1,St
Mycena,Mycena vitilis,2010-11-27,UW1.1,Lh
Tubaria,Tubaria sp.,2010-11-27,UW2.1,Le
Pleurotus,Pleurotus ostreatus,2010-11-27,UW2.1,Le
Mycena,Mycena sp.,2010-11-27,UW2.1,Le
Mycena,Mycena polygramma,2010-11-27,UW1.1,Lh
Flammulina,Flammulina velutipes,2010-11-27,UW1.1,Le
Mycena,Mycena galericulata,2010-11-27,UW1.1,Le
Armillaria,Armillaria mellea,2010-11-27,UW1.1,Le
Crepidotus,Crepidotus mollis,2010-11-27,UW1.1,Le
Pluteus,Pluteus sp.,2010-11-27,UW1.1,Lh
Hygrophorus,Hygrophorus arbustivus,2010-11-27,UW1.1,Mr
Tubaria,Tubaria furfuracea,2010-11-27,UW1.1,Le
Galerina,Galerina marginata,2010-11-27,UW1.1,Le
Mycena,Mycena galericulata,2010-11-27,UW1.3,Le
Mycena,Mycena polygramma,2010-11-27,UW1.3,Lh
Mycena,Mycena inclinata,2010-11-27,UW1.3,Le
Psathyrella,Psathyrella sp.,2010-11-27,UW2.1,Hu
Marasmius,Marasmius sp.,2010-11-27,UW2.1,Fd
Lepista,Lepista flaccida,2010-11-27,UW2.1,St
Hypholoma,Hypholoma fasciculare,2010-11-27,UW2.1,Lh
Hygrophorus,Hygrophorus arbustivus,2010-11-27,UW1.1,Mr
Mycena,Mycena galericulata,2010-11-27,UW1.1,Le
Lepista,Lepista flaccida,2010-11-27,UW1.1,St
Psathyrella,Psathyrella sp.,2010-11-27,UW1.1,St
Gymnopus,Gymnopus peronatus,2010-11-27,UW1.3,St
Mycena,Mycena inclinata,2010-11-27,UW1.3,Le
Mycena,Mycena polygramma,2010-11-27,UW1.3,Lh
Clitocybe,Clitocybe sp.,2010-11-27,UW1.3,St
Crepidotus,Crepidotus mollis,2010-11-27,UW1.3,Le
Mycena,Mycena galericulata,2010-11-27,UW1.3,Le
Gymnopus,Gymnopus peronatus,2010-11-27,UW1.3,St
Lepista,Lepista flaccida,2010-11-27,UW1.3,St
Mycena,Mycena galericulata,2010-11-27,UW1.3,Le
Crepidotus,Crepidotus sp.,2010-11-27,UW1.3,Le
Coprinellus,Coprinellus disseminatus,2010-11-27,UW1.1,Lh
Gymnopus,Gymnopus dryophilus,2010-11-28,UW3.3,St
Mycena,Mycena inclinata,2010-11-28,UW1.3,Le
Mycena,Mycena vitilis,2010-11-28,UW1.3,Lh
Mycena,Mycena meliigena,2010-11-28,UW1.3,Co
Hygrophorus,Hygrophorus arbustivus,2010-11-28,UW1.3,Mr
Mycena,Mycena vitilis,2010-11-28,UW1.3,Lh
Mycena,Mycena polyadelpha,2010-11-28,UW1.3,Fd
Crepidotus,Crepidotus mollis,2010-11-28,UW1.3,Le
Psathyrella,Psathyrella sp.,2010-11-28,UW1.3,Hu
Crepidotus,Crepidotus epibryus,2010-11-28,UW1.3,He
Mycena,Mycena polyadelpha,2010-11-28,UW1.3,Fd
Marasmius,Marasmius sp.,2010-11-28,UW1.3,Fd
Mycena,Mycena inclinata,2010-11-28,UW1.3,Lh
Flammulina,Flammulina velutipes,2010-11-28,UW1.3,Le
Pseudoclitocybe,Pseudoclitocybe cyathiformis,2010-11-28,FP2.2,Hu
Lepista,Lepista flaccida,2010-11-28,UW3.2,St
Rhodocollybia,Rhodocollybia butyracea f. butyracea,2010-11-28,UW3.2,St
Clitocybe,Clitocybe metachroa,2010-11-28,UW3.2,St
Galerina,Galerina marginata,2010-11-28,UW3.2,Le
Leucoagaricus,Leucoagaricus sp.,2010-11-28,UW3.2,St
Panellus,Panellus stipticus,2010-11-28,UW3.2,Le
Chlorophyllum,Chlorophyllum rachodes,2010-11-28,UW3.2,St
Baeospora,Baeospora myosura,2010-11-28,UW3.2,Str
Mycena,Mycena sp.,2010-11-28,UW3.2,St
Mycena,Mycena sp.,2010-11-28,UW3.2,Le
Baeospora,Baeospora myosura,2010-11-28,UW3.2,Str
Psathyrella,Psathyrella sp.,2010-11-28,UW4.3,Hu
Lepista,Lepista personata,2010-11-29,A2.7,Hu
Mycena,Mycena polygramma,2010-11-29,UW1.3,Lh
Lepista,Lepista flaccida,2010-11-29,UW1.3,St
Mycena,Mycena inclinata,2010-11-29,UW1.3,Le
Crepidotus,Crepidotus mollis,2010-11-29,UW1.3,Le
Mycena,Mycena vitilis,2010-11-29,UW1.3,Lh
Pleurotus,Pleurotus ostreatus,2010-11-29,UW2.1,Le
Marasmius,Marasmius rotula,2010-11-29,UW1.1,Fd
Crepidotus,Crepidotus epibryus,2010-11-29,UW1.1,St
Mycena,Mycena polyadelpha,2010-11-29,UW1.3,Fd
Marasmius,Marasmius rotula,2010-11-29,UW1.3,Fd
Crepidotus,Crepidotus epibryus,2010-11-29,UW1.3,St
Mycena,Mycena vitilis,2010-11-29,UW1.3,Lh
Mycena,Mycena polygramma,2010-11-29,UW1.3,Lh
Psathyrella,Psathyrella sp.,2010-11-29,UW1.3,Hu
Mycena,Mycena vitilis,2010-11-29,UW1.3,Lh
Clitocybe,Clitocybe sp.,2010-11-29,UW1.3,St
Mycena,Mycena inclinata,2010-11-29,UW1.3,Le
Marasmius,Marasmius rotula,2010-11-29,UW1.3,Fd
Armillaria,Armillaria mellea,2010-11-29,UW1.3,Le
Mycena,Mycena galericulata,2010-11-29,UW1.3,Le
Mycena,Mycena galericulata,2010-11-29,UW1.1,Le
Mycena,Mycena vitilis,2010-11-29,UW1.1,Lh
Gymnopus,Gymnopus dryophilus,2010-11-29,UW1.1,St
Crepidotus,Crepidotus mollis,2010-11-29,UW1.1,Le
Pseudoclitocybe,Pseudoclitocybe cyathiformis,2010-11-29,UW1.1,Hu
Hypholoma,Hypholoma fasciculare,2010-11-29,UW1.1,Lh
Laccaria,Laccaria laccata,2010-11-29,UW1.1,Mr
Mycena,Mycena vitilis,2010-11-29,UW1.1,Lh
Gymnopus,Gymnopus androsaceus,2010-12-27,T2.3,Fd
Mycena,Mycena metata,2010-12-27,T2.3,Le
